Rig,Pad Number,Pad Name,Well Name 1,Well Name 2  ,Well Name 3 ,Well Name 4 ,Well Name 5 ,Well Name 6,Well number 1,Well number 2,Well number 3,Well number 4,Well number 5,Well number 6,Spud Date Well 1 ,Spud Date Well 2 ,Spud Date Well 3 ,Spud Date Well 4 ,Spud Date Well 5 ,Spud Date Well 6 ,Complete Well 1,Complete Well 2,Complete Well 3,Complete Well 4,Complete Well 5,Complete Well 6,AFE # well 1,AFE # well 2,AFE # well 2,AFE # well 3,AFE # well 4,AFE # well 5,AFE # well 6,Location Status,AFE Status,Permit status well 1,Permit status well 2,Permit status well 3,Permit status well 4,Permit status well 5,Permit status well 6,Phase Window,Unit ID well 1,Unit ID well 2,Unit ID well 3,Unit ID well 4,Unit ID well 5,Unit ID well 6,Unit Name well 1,Unit Name well 2,Unit Name well 3,Unit Name well 4,Unit Name well 5,Unit Name well 6
Sidewinder 60,320129,LEPLEY ,LEPLEY 210218 1F,LEPLEY 210218 2C,LEPLEY 210218 3E,LEPLEY 210218 5D,LEPLEY 210218 4B,LEPLEY 210218 6A,110197,110194,110196,110195,110199,110198,10/8/2014,11/25/2014,1/5/2015,2/19/2015,3/27/2015,4/22/2015,11/25/2014,1/5/2015,2/19/2015,3/27/2015,4/22/2015,5/17/2015,,,,,,,,,,,,,,,,DRY,210218,210218,210218,210218,210218,210218,LEPLEY,LEPLEY,LEPLEY,LEPLEY,LEPLEY,LEPLEY
PDC 71,320248,EDGE,EDGE 210021 1D,EDGE 210126 2A,EDGE 210126 3D,EDGE 210126 4B,EDGE 210126 5C,EDGE 210022 6D,110063,110056,110796,110057,110795,110320,6/1/2015,6/28/2015,7/26/2015,8/19/2015,9/6/2015,9/26/2015,6/28/2015,7/26/2015,8/19/2015,9/6/2015,9/26/2015,10/21/2015,,,,,,,,,,,,,,,,DRY,210021,210126,210126,210126,210126,210022,PUGH RIDGE NORTH,PUGH RIDGE II NORTH,PUGH RIDGE II NORTH,PUGH RIDGE II NORTH,PUGH RIDGE II NORTH,PUGH RIDGE SOUTH
PDC 71,320294,THOMPSON SOUTH,THOMPSON SOUTH 210466 1A,THOMPSON SOUTH 210235 2D,THOMPSON SOUTH 210235 3C,THOMPSON SOUTH 210235 4B,THOMPSON SOUTH 210235 5A,,110810,111702,110809,110808,110807,,10/29/2015,11/24/2015,12/17/2015,1/22/2016,2/18/2016,,11/24/2015,12/17/2015,1/22/2016,2/18/2016,3/22/2016,,,,,,,,,,,,,,,,,DRY,210466,210235,210235,210235,210235,0,THOMPSON SOUTHEAST,THOMPSON SOUTHWEST,THOMPSON SOUTHWEST,THOMPSON SOUTHWEST,THOMPSON SOUTHWEST,
PDC 71,320447,VALERIE,VALERIE 210473 2B,VALERIE 210473 3C,VALERIE 210473 1A,,,,111184,111992,111183,,,,3/27/2016,4/17/2016,5/6/2016,,,,4/17/2016,5/6/2016,5/25/2016,,,,,,,,,,,Complete,Done,Working one open lease and misc. curative,Working one open lease and misc. curative,Working one open lease and misc. curative,Working one open lease and misc. curative,Working one open lease and misc. curative,Working one open lease and misc. curative,DRY,210473,210473,210473,0,0,0,VALERIE,VALERIE,VALERIE,,,
PDC 71,0,,,,,,,,,,,,,,5/30/2016,,,,,,,,,,,,,,,,,,,,,,,,,,,,0,0,0,0,0,0,,,,,,
Orange Rig,320101,NEAL,NEAL 210151 XA,NEAL 210151 XB,NEAL 210465 XA,NEAL 210465 XB,NEAL 210225 XA,,110514,110515,110516,110739,110740,,1/1/2018,1/26/2018,2/20/2018,3/17/2018,4/11/2018,,1/26/2018,2/20/2018,3/17/2018,4/11/2018,5/6/2018,,,,,,,,,,,,,,,,,DRY,210151,210151,210465,210465,210225,0,NEAL WEST,NEAL WEST,NEAL EAST,NEAL EAST,SANDY RIDGE B,
Orange Rig,320261,TIGER,TIGER 210187 XC,TIGER 210187 XA,TIGER 210187 XB,TIGER 210293 XA,TIGER 210475 XB,TIGER 210476 XA,110962,110960,110961,110963,111092,111095,5/11/2018,6/5/2018,6/30/2018,7/25/2018,8/19/2018,9/13/2018,6/5/2018,6/30/2018,7/25/2018,8/19/2018,9/13/2018,10/8/2018,,,,,,,,,,,,,,,,DRY,210187,210187,210187,210293,210475,210476,CROZIER RIDGE B,CROZIER RIDGE B,CROZIER RIDGE B,CROZIER RIDGE EAST,RONALD,BAKER
Orange Rig,320323,JONATHAN,JONATHAN 210285 XA,JONATHAN 210285 XB,JONATHAN 210285 XC,JONATHAN 210285 XD,,,110999,111000,111001,111002,,,10/13/2018,11/7/2018,12/2/2018,12/27/2018,,,11/7/2018,12/2/2018,12/27/2018,1/21/2019,,,,,,,,,,,,,,,,,,DRY,210285,210285,210285,210285,0,0,MCMAHON B,MCMAHON B,MCMAHON B,MCMAHON B,,
Orange Rig,320357,BEACON,BEACON 210133 1A,BEACON 210275 2A,,,,,110024,110977,,,,,1/26/2019,2/20/2019,,,,,2/20/2019,3/17/2019,,,,,,,,,,,,,,,,,,,,WET,210133,210275,0,0,0,0,BEACON NORTH,BARNESVILLE C,,,,
Orange Rig,320359,BARNESVILLE,BARNESVILLE 210223 XA,BARNESVILLE 210223 XB,BARNESVILLE 210255 XA,BARNESVILLE 210256 XA,BARNESVILLE 210223 XC,BARNESVILLE 210255 XB,110102,110103,110104,110976,110832,110833,3/22/2019,4/16/2019,5/11/2019,6/5/2019,6/30/2019,7/25/2019,4/16/2019,5/11/2019,6/5/2019,6/30/2019,7/25/2019,8/19/2019,,,,,,,,,,,,,,,,WET,210223,210223,210255,210256,210223,210255,CAT HOLLOW D,CAT HOLLOW D,BARNESVILLE A,BARNESVILLE B,CAT HOLLOW D,BARNESVILLE A
Orange Rig,320342,NORMA,NORMA 210749 XD,NORMA 210169 XA,,,,,110008,110023,,,,,8/24/2019,9/18/2019,,,,,9/18/2019,10/13/2019,,,,,,,,,,,,,,,,,,,,WET,210749,210169,0,0,0,0,JOHN ,NORMA,,,,
Orange Rig,320228,THORNBERRY,THORNBERRY 210120 XA,THORNBERRY 210120 XB,THORNBERRY 210029 XD,THORNBERRY 210029 XC,,,110368,110369,110371,112103,,,10/18/2019,11/12/2019,12/7/2019,1/1/2020,,,11/12/2019,12/7/2019,1/1/2020,1/26/2020,,,,,,,,,,,,,,,,,,DRY,210120,210120,210029,210029,0,0,CRANENEST CREEK III,CRANENEST CREEK III,CRANENEST CREEK II,CRANENEST CREEK II,,
Orange Rig,320144,HUDSON,HUDSON 210106 XD,HUDSON 210254 XA,,,,,111081,110828,,,,,1/31/2020,2/25/2020,,,,,2/25/2020,3/21/2020,,,,,,,,,,,,,,,,,,,,DRY,210106,210254,0,0,0,0,MONROE LAKE II,CLARK A,,,,
Orange Rig,320143,GALLAGHER,GALLAGHER 210150 XD,,,,,,110410,,,,,,3/26/2020,,,,,,4/20/2020,,,,,,,,,,,,,,,,,,,,,DRY,210150,0,0,0,0,0,MONROE LAKE,,,,,
Orange Rig,320247,WHEELER,WHEELER 210125 XD,WHEELER 210091 XA,,,,,110383,110376,,,,,4/25/2020,5/20/2020,,,,,5/20/2020,6/14/2020,,,,,,,,,,,,,,,,,,,,DRY,210125,210091,0,0,0,0,PINEY FORK,EAST FORK II NORTH,,,,
Orange Rig,320221,MCFREDERICK,MCFREDERICK 210012 XD,MCFREDERICK 210118 XB,,,,,110129,110130,,,,,6/19/2020,7/14/2020,,,,,7/14/2020,8/8/2020,,,,,,,,,,,,,,,,,,,,DRY,210012,210118,0,0,0,0,BRUSHY CREEK,PINEY CREEK,,,,
Orange Rig,320148,HICKMAN,HICKMAN 210236 XC,HICKMAN 210070 XC,HICKMAN 210017 XD,,,,110402,110404,110375,,,,8/13/2020,9/7/2020,10/2/2020,,,,9/7/2020,10/2/2020,10/27/2020,,,,,,,,,,,,,,,,,,,DRY,210236,210070,210017,0,0,0,BEALLSVILLE WEST,NEW CASTLE B,EAST FORK NORTH,,,
Orange Rig,320196,WARD,WARD 210749 XA,WARD 210749 XB,WARD 210749 XC,WARD 210749 XD,,,110012,110011,110010,110009,,,11/1/2020,11/26/2020,12/21/2020,1/15/2021,,,11/26/2020,12/21/2020,1/15/2021,2/9/2021,,,,,,,,,,,,,,,,,,WET,210749,210749,210749,210749,0,0,JOHN ,JOHN ,JOHN ,JOHN ,,
Orange Rig,0,,,,,,,,,,,,,,2/14/2021,,,,,,,,,,,,,,,,,,,,,,,,,,,,0,0,0,0,0,0,,,,,,
Orange Rig,0,,,,,,,,,,,,,,,,,,,,,,,,,,,,,,,,,,,,,,,,,,0,0,0,0,0,0,,,,,,
Orange Rig,0,,,,,,,,,,,,,,,,,,,,,,,,,,,,,,,,,,,,,,,,,,0,0,0,0,0,0,,,,,,
Orange Rig,0,,,,,,,,,,,,,,,,,,,,,,,,,,,,,,,,,,,,,,,,,,0,0,0,0,0,0,,,,,,
Orange Rig,0,,,,,,,,,,,,,,,,,,,,,,,,,,,,,,,,,,,,,,,,,,0,0,0,0,0,0,,,,,,
Orange Rig,0,,,,,,,,,,,,,,,,,,,,,,,,,,,,,,,,,,,,,,,,,,0,0,0,0,0,0,,,,,,
Orange Rig,0,,,,,,,,,,,,,,,,,,,,,,,,,,,,,,,,,,,,,,,,,,0,0,0,0,0,0,,,,,,
Orange Rig,0,,,,,,,,,,,,,,,,,,,,,,,,,,,,,,,,,,,,,,,,,,0,0,0,0,0,0,,,,,,
Orange Rig,0,,,,,,,,,,,,,,,,,,,,,,,,,,,,,,,,,,,,,,,,,,0,0,0,0,0,0,,,,,,
Orange Rig,0,,,,,,,,,,,,,,,,,,,,,,,,,,,,,,,,,,,,,,,,,,0,0,0,0,0,0,,,,,,
Orange Rig,0,,,,,,,,,,,,,,,,,,,,,,,,,,,,,,,,,,,,,,,,,,0,0,0,0,0,0,,,,,,
Orange Rig,0,,,,,,,,,,,,,,,,,,,,,,,,,,,,,,,,,,,,,,,,,,0,0,0,0,0,0,,,,,,
0,0,0,,,,,,,,,,,,,,,,,,,1/0/1900,1/0/1900,1/0/1900,1/0/1900,1/0/1900,1/0/1900,,,,,,,,,,,,,,,,,0,0,0,0,0,0,,,,,,
Sidewinder 121,320158,TRUAX,TRUAX 210124 1A,TRUAX 210124 2B,TRUAX 210124 3C,TRUAX 210124 4D,TRUAX 210124 5E,,110922,110923,110924,110925,110926,,8/17/2014,9/8/2014,9/30/2014,11/5/2014,12/3/2014,,9/8/2014,9/30/2014,11/5/2014,12/3/2014,12/21/2014,,,,,,,,,,,,,,,,,DRY,210124,210124,210124,210124,210124,0,OZARK V,OZARK V,OZARK V,OZARK V,OZARK V,
Red Rig,320136,DORSEY ,DORSEY 210963 1B,DORSEY 210963 2A,DORSEY 210009 3B,DORSEY 210009 4A,,,110687,110686,110685,110684,,,1/1/2017,1/26/2017,2/20/2017,3/17/2017,,,1/26/2017,2/20/2017,3/17/2017,4/11/2017,,,,,,,,,,,Done,Redesigning unit,Redesigning unit,Redesigning unit,Redesigning unit,Redesigning unit,Redesigning unit,DRY,210963,210963,210009,210009,0,0,DORSEY EAST,DORSEY EAST,DORSEY WEST,DORSEY WEST,,
Red Rig,320238,SINGH,SINGH 210154 XA,SINGH 210154 XB,SINGH 210154 XC,SINGH 210154 XD,,,110680,110681,110682,110683,,,4/16/2017,5/11/2017,6/5/2017,6/30/2017,,,5/11/2017,6/5/2017,6/30/2017,7/25/2017,,,,,,,,,,,Clear,XTO/ARU trade pending,XTO/ARU trade pending,XTO/ARU trade pending,XTO/ARU trade pending,XTO/ARU trade pending,XTO/ARU trade pending,DRY,210154,210154,210154,210154,0,0,SINGH,SINGH,SINGH,SINGH,,
Red Rig,9,, 210953 XC, 210952 XA, 210951 XC, 210950 XA, 210949 XC, 210948 XA,112780,112779,112774,112773,111960,111964,7/30/2017,8/24/2017,9/18/2017,10/13/2017,11/7/2017,12/2/2017,8/24/2017,9/18/2017,10/13/2017,11/7/2017,12/2/2017,12/27/2017,,,,,,,,0,2017,0,0,0,0,0,0,DRY,210953,210952,210951,210950,210949,210948,T29,T28,T27,T26,T25,T24
Red Rig,9,, 210954 XA, 210955 XC, 210956 XA,,,,112768,112764,112765,,,,1/1/2018,1/26/2018,2/20/2018,,,,1/26/2018,2/20/2018,3/17/2018,,,,,,,,,,,0,2017,0,0,0,0,0,0,DRY,210954,210955,210956,0,0,0,T30,T31,T32,,,
Red Rig,9,, 210725 XC, 210727 XA,,,,,111951,111966,,,,,3/22/2018,4/16/2018,,,,,4/16/2018,5/11/2018,,,,,,,,,,,,0,2017,0,0,0,0,0,0,DRY,210725,210727,0,0,0,0,T18,T19,,,,
Red Rig,320319,MCMAHON,MCMAHON 210284 XA,MCMAHON 210284 XB,MCMAHON 210284 XC,MCMAHON 210284 XD,,,110995,110996,110997,110998,,,5/16/2018,6/10/2018,7/5/2018,7/30/2018,,,6/10/2018,7/5/2018,7/30/2018,8/24/2018,,,,,,,,,,,,,,,,,,DRY,210284,210284,210284,210284,0,0,MCMAHON A,MCMAHON A,MCMAHON A,MCMAHON A,,
Red Rig,320571,J,J 210717 XC,,,,,,112125,,,,,,8/29/2018,,,,,,9/23/2018,,,,,,,,,,,,,,,,,,,,,DRY,210717,0,0,0,0,0,T10,,,,,
Red Rig,320574,M,M 210721 XC,M 210723 XA,M 210719 XC,,,,111983,112130,111957,,,,9/28/2018,10/23/2018,11/17/2018,,,,10/23/2018,11/17/2018,12/12/2018,,,,,,,,,,,,,,,,,,,DRY,210721,210723,210719,0,0,0,T16,T17,T15,,,
Red Rig,9,, 210726 XB, 210726 XC, 210724 XC, 210947 XA,,,111968,111967,111984,111980,,,12/17/2018,1/11/2019,2/5/2019,3/2/2019,,,1/11/2019,2/5/2019,3/2/2019,3/27/2019,,,,,,,,,,0,2017,0,0,0,0,0,0,DRY,210726,210726,210724,210947,0,0,CALHOUN,CALHOUN,T14,T22,,
Red Rig,9,, 210718 XC, 210728 XC,,,,,112129,111969,,,,,4/1/2019,4/26/2019,,,,,4/26/2019,5/21/2019,,,,,,,,,,,,0,2017,0,0,0,0,0,0,DRY,210718,210728,0,0,0,0,T11,T20,,,,
Red Rig,9,, 210720 1A,,,,,,111982,,,,,,5/26/2019,,,,,,6/20/2019,,,,,,,,,,,,,0,2017,0,0,0,0,0,0,DRY,210720,0,0,0,0,0,ANGELO,,,,,
Red Rig,9,, 210946 XA, 210722 XC, 210945 XA, 210716 XD,,,111974,111954,112783,112117,,,6/25/2019,7/20/2019,8/14/2019,9/8/2019,,,7/20/2019,8/14/2019,9/8/2019,10/3/2019,,,,,,,,,,0,2017,0,0,0,0,0,0,DRY,210946,210722,210945,210716,0,0,T21,T33,T23,T9,,
Red Rig,9,, 210713 XA, 210715 XD, 210714 XA, 210712 XD,,,111948,112114,111941,112116,,,10/8/2019,11/2/2019,11/27/2019,12/22/2019,,,11/2/2019,11/27/2019,12/22/2019,1/16/2020,,,,,,,,,,0,2017,0,0,0,0,0,0,DRY,210713,210715,210714,210712,0,0,T6,T8,T7,T5,,
Red Rig,9,, 210711 XA, 210709 XA, 210710 XD,,,,111933,111927,112112,,,,1/21/2020,2/15/2020,3/11/2020,,,,2/15/2020,3/11/2020,4/5/2020,,,,,,,,,,,0,2017,0,0,0,0,0,0,DRY,210711,210709,210710,0,0,0,T4,T2,T3,,,
Red Rig,9,, 210708 XA, 210708 XB, 210708 XC, 210708 XD,,,111924,111925,111926,112110,,,4/10/2020,5/5/2020,5/30/2020,6/24/2020,,,5/5/2020,5/30/2020,6/24/2020,7/19/2020,,,,,,,,,,0,2017,0,0,0,0,0,0,DRY,210708,210708,210708,210708,0,0,T1,T1,T1,T1,,
Red Rig,320176,BALLOG,BALLOG 210208 XD,BALLOG 210127 XD,BALLOG 210208 XE,BALLOG 210095 XD,,,110213,112013,110212,112016,,,7/24/2020,8/18/2020,9/12/2020,10/7/2020,,,8/18/2020,9/12/2020,10/7/2020,11/1/2020,,,,,,,,,,,,,,,,,,DRY,210208,210127,210208,210095,0,0,NEW CASTLE A,SANDY RIDGE C,NEW CASTLE A,JAKES RUN A,,
Red Rig,320118,ALICE,ALICE 210096 XD,ALICE 210096 XE,ALICE 210096 XF,ALICE 210729 XB,,,110298,110297,110299,112017,,,11/6/2020,12/1/2020,12/26/2020,1/20/2021,,,12/1/2020,12/26/2020,1/20/2021,2/14/2021,,,,,,,,,,,,,,,,,,DRY,210096,210096,210096,210729,0,0,JAKES RUN B,JAKES RUN B,JAKES RUN B,JAKE'S RUN C,,
Red Rig,9,, 210024 XE, 210024 XF, 210024 XG, 210024 XH,,,111703,111704,111705,111706,,,2/19/2021,3/16/2021,4/10/2021,5/5/2021,,,3/16/2021,4/10/2021,5/5/2021,5/30/2021,,,,,,,,,,0,2017,0,0,0,0,0,0,DRY,210024,210024,210024,210024,0,0,PERKINS,PERKINS,PERKINS,PERKINS,,
Red Rig,320013,TEMPLE,,,,,,,110526,110527,110528,,,,6/4/2021,6/29/2021,7/24/2021,,,,6/29/2021,7/24/2021,8/18/2021,,,,,,,,,,,,,,,,,,,,0,0,0,0,0,0,,,,,,
0,0,,,,,,,,,,,,,,8/23/2021,,,,,,,,,,,,,,,,,,,,,,,,,,,,0,0,0,0,0,0,,,,,,
0,0,,,,,,,,,,,,,,,,,,,,,,,,,,,,,,,,,,,,,,,,,,0,0,0,0,0,0,,,,,,
0,0,,,,,,,,,,,,,,,,,,,,,,,,,,,,,,,,,,,,,,,,,,0,0,0,0,0,0,,,,,,
0,0,,,,,,,,,,,,,,,,,,,,,,,,,,,,,,,,,,,,,,,,,,0,0,0,0,0,0,,,,,,
0,0,,,,,,,,,,,,,,,,,,,,,,,,,,,,,,,,,,,,,,,,,,0,0,0,0,0,0,,,,,,
0,0,,,,,,,,,,,,,,,,,,,,,,,,,,,,,,,,,,,,,,,,,,0,0,0,0,0,0,,,,,,
0,0,,,,,,,,,,,,,,,,,,,,,,,,,,,,,,,,,,,,,,,,,,0,0,0,0,0,0,,,,,,
0,0,,,,,,,,,,,,,,,,,,,,,,,,,,,,,,,,,,,,,,,,,,0,0,0,0,0,0,,,,,,
0,0,,,,,,,,,,,,,,,,,,,,,,,,,,,,,,,,,,,,,,,,,,0,0,0,0,0,0,,,,,,
0,0,,,,,,,,,,,,,,,,,,,,,,,,,,,,,,,,,,,,,,,,,,0,0,0,0,0,0,,,,,,
0,0,,,,,,,,,,,,,,,,,,,,,,,,,,,,,,,,,,,,,,,,,,0,0,0,0,0,0,,,,,,
0,0,,,,,,,,,,,,,,,,,,,,,,,,,,,,,,,,,,,,,,,,,,0,0,0,0,0,0,,,,,,
0,0,,,,,,,,,,,,,,,,,,,,,,,,,,,,,,,,,,,,,,,,,,0,0,0,0,0,0,,,,,,
0,0,,,,,,,,,,,,,,,,,,,,,,,,,,,,,,,,,,,,,,,,,,0,0,0,0,0,0,,,,,,
0,0,0,,,,,,,,,,,,,,,,,,,1/0/1900,1/0/1900,1/0/1900,1/0/1900,1/0/1900,1/0/1900,,,,,,,,,,,,,,,,,0,0,0,0,0,0,,,,,,
Patterson 480,320122,JONES,JONES 210068 3A,JONES 210068 2B,JONES 210068 1C,,,,110192,110489,110193,,,,6/16/2014,8/4/2014,8/24/2014,,,,8/4/2014,8/24/2014,9/12/2014,,,,,,,,,,,,,,,,,,,DRY,210068,210068,210068,0,0,0,JONES,JONES,JONES,,,
0,0,0,,,,,,,,,,,,,,,,,,,1/0/1900,1/0/1900,1/0/1900,1/0/1900,1/0/1900,1/0/1900,,,,,,,,,,,,,,,,,0,0,0,0,0,0,,,,,,
Patterson 253,320088,MCLAUGHLIN,MCLAUGHLIN 210168 2B,MCLAUGHLIN 210272 3A,MCLAUGHLIN 210272 4B,MCLAUGHLIN 210168 5A,,,110518,110519,110520,110517,,,9/16/2014,10/11/2014,1/6/2015,3/2/2015,,,10/11/2014,1/6/2015,3/2/2015,3/26/2015,,,,,,,,,,,,,,,,,,WET,210168,210272,210272,210168,0,0,MCLAUGHLIN WEST,MCLAUGHLIN EAST,MCLAUGHLIN EAST,MCLAUGHLIN WEST,,
Nomac 82,320295,CATTLE,CATTLE 210198 3C,CATTLE 210198 2B,CATTLE 210198 1A,,,,110969,110968,110967,,,,7/12/2015,8/6/2015,8/28/2015,,,,8/6/2015,8/28/2015,9/17/2015,,,,,,,,,,,,,,,,,,,WET,210198,210198,210198,0,0,0,HENDRYSBURG II SOUTH A,HENDRYSBURG II SOUTH A,HENDRYSBURG II SOUTH A,,,
Nomac 82,320293,JADE,JADE 210274 1C,JADE 210274 2B,JADE 210274 3A,,,,110958,110957,110959,,,,9/22/2015,10/13/2015,11/2/2015,,,,10/13/2015,11/2/2015,11/29/2015,,,,,,,,,,,,,,,,,,,WET,210274,210274,210274,0,0,0,HENDRYSBURG II SOUTH B,HENDRYSBURG II SOUTH B,HENDRYSBURG II SOUTH B,,,
Nomac 82,0,,,,,,,,,,,,,,12/4/2015,,,,,,,,,,,,,,,,,,,,,,,,,,,,0,0,0,0,0,0,,,,,,
Nomac 82,0,,,,,,,,,,,,,,,,,,,,,,,,,,,,,,,,,,,,,,,,,,0,0,0,0,0,0,,,,,,
Pink Rig,320272,SCHAEFER,SCHAEFER 210738 XA,SCHAEFER 210737 XA,SCHAEFER 210228 XA,,,,110783,110782,110780,,,,1/1/2019,1/26/2019,2/20/2019,,,,1/26/2019,2/20/2019,3/17/2019,,,,,,,,,,,,,,,,,,,DRY,210738,210737,210228,0,0,0,PINEY FORK C,PINEY FORK B,PINEY FORK A,,,
Pink Rig,320328,BURKE,BURKE 210742 XA,BURKE 210741 XA,BURKE 210072 XA,,,,112052,110222,110223,,,,3/22/2019,4/16/2019,5/11/2019,,,,4/16/2019,5/11/2019,6/5/2019,,,,,,,,,,,,,,,,,,,DRY,210742,210741,210072,0,0,0,OZARK III C,OZARK III B,OZARK III A,,,
Pink Rig,320245,HOLIDAY,HOLIDAY 210644 XB,HOLIDAY 210644 XA,HOLIDAY 210071 XB,HOLIDAY 210071 XA,,,110217,110218,110219,110220,,,6/10/2019,7/5/2019,7/30/2019,8/24/2019,,,7/5/2019,7/30/2019,8/24/2019,9/18/2019,,,,,,,,,,,,,,,,,,DRY,210644,210644,210071,210071,0,0,OZARK II EAST,OZARK II EAST,OZARK II WEST,OZARK II WEST,,
Pink Rig,320191,MOSSER,MOSSER 210097 XA,MOSSER 210250 XD,,,,,110723,110859,,,,,9/23/2019,10/18/2019,,,,,10/18/2019,11/12/2019,,,,,,,,,,,,,,,,,,,,DRY,210097,210250,0,0,0,0,SUNFISH CREEK,SUNFISH CREEK A,,,,
Pink Rig,320015,BICKEL,BICKEL 210130 XA,BICKEL 210214 XB,BICKEL 210214 XA,,,,110288,110286,110285,,,,11/17/2019,12/12/2019,1/6/2020,,,,12/12/2019,1/6/2020,1/31/2020,,,,,,,,,,,,,,,,,,,DRY,210130,210214,210214,0,0,0,HEADLEY RIDGE NORTH,BELMONT RIDGE,BELMONT RIDGE,,,
Pink Rig,320020,AEC,AEC 210215 XD,AEC 210216 XD,AEC 210031 XA,AEC 210216 XC,AEC 210215 XC,,110432,110443,110631,110442,110433,,2/5/2020,3/1/2020,3/26/2020,4/20/2020,5/15/2020,,3/1/2020,3/26/2020,4/20/2020,5/15/2020,6/9/2020,,,,,,,,,,,,,,,,,DRY,210215,210216,210031,210216,210215,0,27,28,30,28,27,
Pink Rig,320340,SUNSBURY,,,,,,,110235,,,,,,6/14/2020,,,,,,7/9/2020,,,,,,,,,,,,,,,,,,,,,,0,0,0,0,0,0,,,,,,
Pink Rig,320110,FOLLOWAY,FOLLOWAY 210121 XD,,,,,,110171,,,,,,7/14/2020,,,,,,8/8/2020,,,,,,,,,,,,,,,,,,,,,DRY,210121,0,0,0,0,0,HEADLEY RIDGE II,,,,,
Pink Rig,320448,RAMSEY,RAMSEY 210468 XA,RAMSEY 210469 XC,RAMSEY 210470 XA,,,,111165,111168,111170,,,,8/13/2020,9/7/2020,10/2/2020,,,,9/7/2020,10/2/2020,10/27/2020,,,,,,,,,,,,,,,,,,,DRY,210468,210469,210470,0,0,0,GOUDY SOUTH,CHARLIE SOUTH,RAMSEY,,,
Pink Rig,9,, 210469 XB, 210469 XA,,,,,111167,111166,,,,,11/1/2020,11/26/2020,,,,,11/26/2020,12/21/2020,,,,,,,,,,,,0,2017,0,0,0,0,0,0,DRY,210469,210469,0,0,0,0,CHARLIE SOUTH,CHARLIE SOUTH,,,,
Pink Rig,0,,,,,,,,,,,,,,12/26/2020,,,,,,,,,,,,,,,,,,,,,,,,,,,,0,0,0,0,0,0,,,,,,
Pink Rig,0,,,,,,,,,,,,,,,,,,,,,,,,,,,,,,,,,,,,,,,,,,0,0,0,0,0,0,,,,,,
Green Rig ,320265,HOGSTON,HOGSTON 210014 XA,HOGSTON 210090 XA,HOGSTON 210499 XA,HOGSTON 210707 XB,,,110459,110457,110458,110456,,,1/1/2019,1/26/2019,2/20/2019,3/17/2019,,,1/26/2019,2/20/2019,3/17/2019,4/11/2019,,,,,,,,,,,,,,,,,,DRY,210014,210090,210499,210707,0,0,HOGSTON C,HOGSTON A,HOGSTON B,EISENHOWER C,,
Green Rig ,320117,MEC,MEC 210122 XA,MEC 210027 XA,MEC 210847 XA,MEC 210848 XB,,,110575,112109,110117,110115,,,4/16/2019,5/11/2019,6/5/2019,6/30/2019,,,5/11/2019,6/5/2019,6/30/2019,7/25/2019,,,,,,,,,,,,,,,,,,DRY,210122,210027,210847,210848,0,0,LONG RUN A,MAUMEE ROAD D,MAUMEE ROAD B,MAUMEE ROAD C,,
Green Rig ,320566,DORNON,DORNON 210642 XA,DORNON 210033 XB,DORNON 210033 XA,DORNON 210085 XE,,,110322,110323,110324,112048,,,7/30/2019,8/24/2019,9/18/2019,10/13/2019,,,8/24/2019,9/18/2019,10/13/2019,11/7/2019,,,,,,,,,,,,,,,,,,DRY,210642,210033,210033,210085,0,0,CONDOR EAST,CONDOR WEST,CONDOR WEST,TIMBER WOLF,,
Green Rig ,320036,HORSESHOE,HORSESHOE 210704 XB,HORSESHOE 210732 XC,HORSESHOE 210088 XB,HORSESHOE 210732 XD,,,110326,110327,110423,112032,,,11/12/2019,12/7/2019,1/1/2020,1/26/2020,,,12/7/2019,1/1/2020,1/26/2020,2/20/2020,,,,,,,,,,,,,,,,,,DRY,210704,210732,210088,210732,0,0,RANDY C,RANDY E,RANDY A,RANDY E,,
Green Rig ,320043,LYDIA HENDERSHOT,LYDIA HENDERSHOT 210011 XB,LYDIA HENDERSHOT 210035 XB,,,,,110405,110406,,,,,2/25/2020,3/21/2020,,,,,3/21/2020,4/15/2020,,,,,,,,,,,,,,,,,,,,DRY,210011,210035,0,0,0,0,PATTON A,PATTON B,,,,
Green Rig ,9,, 210735 XA, 210736 XA, 210115 XA,,,,110510,112037,112041,,,,4/20/2020,5/15/2020,6/9/2020,,,,5/15/2020,6/9/2020,7/4/2020,,,,,,,,,,,0,2017,0,0,0,0,0,0,DRY,210735,210736,210115,0,0,0,PATTON D,PATTON E,54,,,
Green Rig ,9,, 210089 XD,,,,,,112029,,,,,,7/9/2020,,,,,,8/3/2020,,,,,,,,,,,,,0,2017,0,0,0,0,0,0,DRY,210089,0,0,0,0,0,MARCUM MORETZ,,,,,
Green Rig ,320227,CALDWELL,CALDWELL 210028 XE,CALDWELL 210217 XA,,,,,112027,110821,,,,,8/8/2020,9/2/2020,,,,,9/2/2020,9/27/2020,,,,,,,,,,,,,,,,,,,,DRY,210028,210217,0,0,0,0,CLOVER RIDGE II,MOAM,,,,
Green Rig ,0,,,,,,,,,,,,,,10/2/2020,,,,,,,,,,,,,,,,,,,,,,,,,,,,0,0,0,0,0,0,,,,,,
Green Rig ,0,,,,,,,,,,,,,,,,,,,,,,,,,,,,,,,,,,,,,,,,,,0,0,0,0,0,0,,,,,,
Nomac 82,0,,,,,,,,,,,,,,,,,,,,,,,,,,,,,,,,,,,,,,,,,,0,0,0,0,0,0,,,,,,
Nomac 82,0,,,,,,,,,,,,,,,,,,,,,,,,,,,,,,,,,,,,,,,,,,0,0,0,0,0,0,,,,,,
Nomac 82,0,,,,,,,,,,,,,,,,,,,,,,,,,,,,,,,,,,,,,,,,,,0,0,0,0,0,0,,,,,,
Nomac 82,0,,,,,,,,,,,,,,,,,,,,,,,,,,,,,,,,,,,,,,,,,,0,0,0,0,0,0,,,,,,
0,0,0,,,,,,,,,,,,,,,,,,,1/0/1900,1/0/1900,1/0/1900,1/0/1900,1/0/1900,1/0/1900,,,,,,,,,,,,,,,,,0,0,0,0,0,0,,,,,,
Nomac 311,320231,CAMPBELL,CAMPBELL 210092 4D,CAMPBELL 210092 2B,CAMPBELL 210092 3C,CAMPBELL 210092 1A,,,110078,110076,110077,110075,,,8/18/2014,9/23/2014,10/27/2014,11/22/2014,,,9/23/2014,10/26/2014,11/22/2014,12/15/2014,,,,,,,,,,,,,,,,,,DRY,210092,210092,210092,210092,0,0,EAST FORK II SOUTH A,EAST FORK II SOUTH A,EAST FORK II SOUTH A,EAST FORK II SOUTH A,,
Nomac  79,0,,,,,,,,,,,,,,12/20/2014,,,,,,,,,,,,,,,,,,,,,,,,,,,,0,0,0,0,0,0,,,,,,
H&P 628,320452,DONATO,DONATO 210637 1A,DONATO 210637 2B,DONATO 210568 3A,DONATO 210568 4B,,,111662,111663,111664,111665,,,8/11/2015,9/4/2015,9/24/2015,10/12/2015,,,9/4/2015,9/24/2015,10/12/2015,11/3/2015,,,,,,,,,,,,,,,,,,DRY,210637,210637,210568,210568,0,0,DONATO JR WSH MN,DONATO JR WSH MN,DONATO WSH MN,DONATO WSH MN,,
H&P 628,320273,CONWAY,CONWAY 210119 5A,CONWAY 210119 4B,CONWAY 210119 3C,CONWAY 210119 2D,CONWAY 210464 1A,,110135,110136,110133,112023,110134,,11/9/2015,12/4/2015,12/27/2015,1/22/2016,2/16/2016,,12/4/2015,12/27/2015,1/22/2016,2/16/2016,3/12/2016,,,,,,,,,,,,,,,,,DRY,210119,210119,210119,210119,210464,0,CONWAY WEST,CONWAY WEST,CONWAY WEST,CONWAY WEST,CONWAY EAST,
H&P 628,320371,CHARLIE,CHARLIE 210472 6C,CHARLIE 210472 5B,CHARLIE 210472 4A,CHARLIE 210055 3C,CHARLIE 210055 2B,CHARLIE 210055 1A,111181,111180,111179,110391,110390,110389,3/17/2016,4/7/2016,4/28/2016,5/20/2016,6/10/2016,7/2/2016,4/7/2016,4/28/2016,5/20/2016,6/10/2016,7/2/2016,7/27/2016,,,,,,,,,,,,,,,,DRY,210472,210472,210472,210055,210055,210055,CHARLIE NORTH,CHARLIE NORTH,CHARLIE NORTH,DICKSON-CRAVAT,DICKSON-CRAVAT,DICKSON-CRAVAT
H&P 628,320672,SCHUBERT,SCHUBERT 210726 1A,,,,,,112122,,,,,,8/1/2016,,,,,,8/26/2016,,,,,,,,,,,,,,,,,,,,,DRY,210726,0,0,0,0,0,CALHOUN,,,,,
Grey Rig,320086,DILLES BOTTOM,DILLES BOTTOM 210486 1D,DILLES BOTTOM 210486 2C,DILLES BOTTOM 210007 3A,DILLES BOTTOM 210007 4B,DILLES BOTTOM 210007 5C,,112062,112063,110420,110419,110418,,1/1/2017,1/26/2017,2/20/2017,3/17/2017,4/11/2017,,1/26/2017,2/20/2017,3/17/2017,4/11/2017,5/6/2017,,,,,,,,,,,,,,,,,DRY,210486,210486,210007,210007,210007,0,PA19B,PA19B,DILLES BOTTOM,DILLES BOTTOM,DILLES BOTTOM,
Grey Rig,320393,SMITH,SMITH 210744 XC,SMITH 210483 XC,SMITH 210483 XD,,,,112061,111116,111117,,,,5/11/2017,6/5/2017,6/30/2017,,,,6/5/2017,6/30/2017,7/25/2017,,,,,,,,,,,,,,,,,,,DRY,210744,210483,210483,0,0,0,PA19A,PA17,PA17,,,
Grey Rig,320382,KRUPA,KRUPA 210481 XC,KRUPA 210481 XD,,,,,111998,111999,,,,,7/30/2017,8/24/2017,,,,,8/24/2017,9/18/2017,,,,,,,,,,,,,,,,,,,,DRY,210481,210481,0,0,0,0,PA14,PA14,,,,
Grey Rig,320381,HORSEMILL,HORSEMILL 210480 XC,HORSEMILL 210480 XD,HORSEMILL 210479 XC,HORSEMILL 210479 XD,,,111100,111101,111102,111103,,,9/23/2017,10/18/2017,11/12/2017,12/7/2017,,,10/18/2017,11/12/2017,12/7/2017,1/1/2018,,,,,,,,,,,,,,,,,,DRY,210480,210480,210479,210479,0,0,PA12,PA12,PA13,PA13,,
Grey Rig,320445,MONTGOMERY,MONTGOMERY 210478 XB,,,,,,111997,,,,,,1/6/2018,,,,,,1/31/2018,,,,,,,,,,,,,,,,,,,,,DRY,210478,0,0,0,0,0,PA11,,,,,
Grey Rig,320377,HENDERSHOT,HENDERSHOT 210471 XA,HENDERSHOT 210501 XA,HENDERSHOT 210474 XA,,,,111190,111191,111188,,,,2/5/2018,3/2/2018,3/27/2018,,,,3/2/2018,3/27/2018,4/21/2018,,,,,,,,,,,,,,,,,,,DRY,210471,210501,210474,0,0,0,HENDERSHOT WEST,HENDERSHOT EAST,SHANNON FAR EAST,,,
Grey Rig,320394,YANKEE,YANKEE 210490 XA,YANKEE 210490 XB,YANKEE 210957 XA,YANKEE 210958 XA,YANKEE 210475 XA,YANKEE 210959 XA,111089,111158,111185,111186,111091,111994,4/26/2018,5/21/2018,6/15/2018,7/10/2018,8/4/2018,8/29/2018,5/21/2018,6/15/2018,7/10/2018,8/4/2018,8/29/2018,9/23/2018,,,,,,,,,,,,,,,,DRY,210490,210490,210957,210958,210475,210959,YANKEE,YANKEE,SHANNON FAR WEST,SHANNON WEST,RONALD,SHANNON EAST
Grey Rig,320389,GIBSON,GIBSON 210487 XD,,,,,,111133,,,,,,9/28/2018,,,,,,10/23/2018,,,,,,,,,,,,,,,,,,,,,DRY,210487,0,0,0,0,0,PA20,,,,,
Grey Rig,320376,GREAVES,GREAVES 210491 XC,GREAVES 210491 XA,GREAVES 210491 XB,,,,112005,111132,111131,,,,10/28/2018,11/22/2018,12/17/2018,,,,11/22/2018,12/17/2018,1/11/2019,,,,,,,,,,,,,,,,,,,DRY,210491,210491,210491,0,0,0,PA25,PA25,PA25,,,
Grey Rig,320443,FLORENCE,FLORENCE 210500 XA,FLORENCE 210500 XB,,,,,111136,111135,,,,,1/16/2019,2/10/2019,,,,,2/10/2019,3/7/2019,,,,,,,,,,,,,,,,,,,,DRY,210500,210500,0,0,0,0,PA23,PA23,,,,
Grey Rig,9,, 210493 XA, 210493 XB, 210493 XC, 210493 XD,,,111155,111156,111146,111147,,,3/12/2019,4/6/2019,5/1/2019,5/26/2019,,,4/6/2019,5/1/2019,5/26/2019,6/20/2019,,,,,,,,,,,,,,,,,,DRY,210493,210493,210493,210493,0,0,PA27,PA27,PA27,PA27,,
Grey Rig,9,, 210494 XA, 210494 XB, 210494 XC, 210494 XD,,,112059,111157,112058,111148,,,6/25/2019,7/20/2019,8/14/2019,9/8/2019,,,7/20/2019,8/14/2019,9/8/2019,10/3/2019,,,,,,,,,,,,,,,,,,DRY,210494,210494,210494,210494,0,0,PA28,PA28,PA28,PA28,,
Grey Rig,9,, 210498 XA, 210498 XB, 210498 XC, 210498 XD,,,111149,111150,111151,111152,,,10/8/2019,11/2/2019,11/27/2019,12/22/2019,,,11/2/2019,11/27/2019,12/22/2019,1/16/2020,,,,,,,,,,,,,,,,,,DRY,210498,210498,210498,210498,0,0,PA32,PA32,PA32,PA32,,
Grey Rig,9,, 210497 XA, 210497 XB, 210497 XC, 210497 XD,,,111153,111154,112064,112065,,,1/21/2020,2/15/2020,3/11/2020,4/5/2020,,,2/15/2020,3/11/2020,4/5/2020,4/30/2020,,,,,,,,,,,,,,,,,,DRY,210497,210497,210497,210497,0,0,PA31,PA31,PA31,PA31,,
Grey Rig,9,, 210032 XC, 210081 XD, 210032 XD,,,,110635,112044,110637,,,,5/5/2020,5/30/2020,6/24/2020,,,,5/30/2020,6/24/2020,7/19/2020,,,,,,,,,,,,,,,,,,,DRY,210032,210081,210032,0,0,0,36,37,36,,,
Grey Rig,0,,,,,,,,,,,,,,7/24/2020,,,,,,,,,,,,,,,,,,,,,,,,,,,,0,0,0,0,0,0,,,,,,
Grey Rig,0,,,,,,,,,,,,,,,,,,,,,,,,,,,,,,,,,,,,,,,,,,0,0,0,0,0,0,,,,,,
Grey Rig,0,,,,,,,,,,,,,,,,,,,,,,,,,,,,,,,,,,,,,,,,,,0,0,0,0,0,0,,,,,,
Grey Rig,0,,,,,,,,,,,,,,,,,,,,,,,,,,,,,,,,,,,,,,,,,,0,0,0,0,0,0,,,,,,
Grey Rig,0,,,,,,,,,,,,,,,,,,,,,,,,,,,,,,,,,,,,,,,,,,0,0,0,0,0,0,,,,,,
Grey Rig,0,,,,,,,,,,,,,,,,,,,,,,,,,,,,,,,,,,,,,,,,,,0,0,0,0,0,0,,,,,,
Grey Rig,0,,,,,,,,,,,,,,,,,,,,,,,,,,,,,,,,,,,,,,,,,,0,0,0,0,0,0,,,,,,
AEU Drilled,320451,GARY GREEN,GREEN GARY N WSH MN 1H,GREEN GARY N WSH MN 3H-A,GREEN GARY N WSH MN 5H,GARY GREEN S WSH MN 2H,GARY GREEN S WSH MN 4HA,GARY GREEN S WSH MN 6H,111767,111768,111762,111761,111770,111758,1/1/2014,1/26/2014,2/20/2014,3/17/2014,4/11/2014,5/6/2014,1/26/2014,2/20/2014,3/17/2014,4/11/2014,5/6/2014,5/31/2014,,,,,,,,,,,,,,,,DRY,210555,210555,210555,210556,210556,210556,GARY GREEN N WSH MN,GARY GREEN N WSH MN,GARY GREEN N WSH MN,GARY GREEN S WSH MN,GARY GREEN S WSH MN,GARY GREEN S WSH MN
AEU Drilled,320450,WHITACRE ENTERPRISES 702,WHITACRE ENTERPRISE 702 N-1H,WHITACRE ENTERPRISE 702 N-3H,WHITACRE ENTERPRISE 702 S-6H,,,,111755,111763,111760,,,,6/5/2014,6/30/2014,7/25/2014,,,,6/30/2014,7/25/2014,8/19/2014,,,,,,,,,,,,,,,,,,,DRY,210552,210552,210553,0,0,0,WHITACRE 702 NORTH,WHITACRE 702 NORTH,WHITACRE 702 SOUTH,,,
AEU Drilled,0,,,,,,,,,,,,,,8/24/2014,,,,,,,,,,,,,,,,,,,,,,,,,,,,0,0,0,0,0,0,,,,,,
H&P 628,0,,,,,,,,,,,,,,,,,,,,,,,,,,,,,,,,,,,,,,,,,,0,0,0,0,0,0,,,,,,
H&P 628,0,,,,,,,,,,,,,,,,,,,,,,,,,,,,,,,,,,,,,,,,,,0,0,0,0,0,0,,,,,,
H&P 628,0,,,,,,,,,,,,,,,,,,,,,,,,,,,,,,,,,,,,,,,,,,0,0,0,0,0,0,,,,,,
H&P 628,0,,,,,,,,,,,,,,,,,,,,,,,,,,,,,,,,,,,,,,,,,,0,0,0,0,0,0,,,,,,
H&P 628,0,,,,,,,,,,,,,,,,,,,,,,,,,,,,,,,,,,,,,,,,,,0,0,0,0,0,0,,,,,,
H&P 628,0,,,,,,,,,,,,,,,,,,,,,,,,,,,,,,,,,,,,,,,,,,0,0,0,0,0,0,,,,,,
H&P 628,0,,,,,,,,,,,,,,,,,,,,,,,,,,,,,,,,,,,,,,,,,,0,0,0,0,0,0,,,,,,
0,0,0,,,,,,,,,,,,,,,,,,,1/0/1900,1/0/1900,1/0/1900,1/0/1900,1/0/1900,1/0/1900,,,,,,,,,,,,,,,,,0,0,0,0,0,0,,,,,,
Sidewinder 209,320096,SHRIVER,SHRIVER 210018 1B,SHRIVER 210018 2A,SHRIVER 210018 3C,SHRIVER 210018 4D,,,110071,110072,110073,110074,,,7/7/2014,8/2/2014,8/22/2014,9/10/2014,,,8/2/2014,8/22/2014,9/10/2014,10/2/2014,,,,,,,,,,,,,,,,,,DRY,210018,210018,210018,210018,0,0,EAST FORK I SOUTH UNIT A,EAST FORK I SOUTH UNIT A,EAST FORK I SOUTH UNIT A,EAST FORK I SOUTH UNIT A,,
Sidewinder 209,320255,ROBINETTE,ROBINETTE 210129 1D,ROBINETTE 210129 2C,ROBINETTE 210129 3B,ROBINETTE 210129 4A,,,110202,110203,110204,110205,,,10/12/2014,11/6/2014,12/1/2014,12/19/2014,,,11/6/2014,12/1/2014,12/19/2014,1/10/2015,,,,,,,,,,,,,,,,,,DRY,210129,210129,210129,210129,0,0,MELLOTT RIDGE SOUTH,MELLOTT RIDGE SOUTH,MELLOTT RIDGE SOUTH,MELLOTT RIDGE SOUTH,,
0,0,0,,,,,,,,,,,,,,,,,,,1/0/1900,1/0/1900,1/0/1900,1/0/1900,1/0/1900,1/0/1900,,,,,,,,,,,,,,,,,0,0,0,0,0,0,,,,,,
Patterson 257,320072,CLARK,CLARK 210128 3D,CLARK 210128 4C,CLARK 210128 5B,CLARK 210128 6A,,,110978,110054,110053,110052,,,12/22/2014,1/27/2015,2/23/2015,3/26/2015,,,1/27/2015,2/23/2015,3/26/2015,4/24/2015,,,,,,,,,,,,,,,,,,DRY,210128,210128,210128,210128,0,0,CLARK,CLARK,CLARK,CLARK,,
Patterson 257,320066,BROWN,BROWN 210044 1A,BROWN 210044 2B,BROWN 210044 3C,,,,110145,110146,110147,,,,5/3/2015,5/25/2015,6/13/2015,,,,5/25/2015,6/13/2015,7/6/2015,,,,,,,,,,,,,,,,,,,WET,210044,210044,210044,0,0,0,BROWN,BROWN,BROWN,,,
Patterson 257,320102,FRANCIS,FRANCIS 210045 1A,FRANCIS 210045 2B,FRANCIS 210226 3A,,,,110163,110161,110162,,,,7/13/2015,8/17/2015,9/11/2015,,,,8/17/2015,9/11/2015,10/7/2015,,,,,,,,,,,,,,,,,,,WET,210045,210045,210226,0,0,0,FRANCIS B,FRANCIS B,FRANCIS A,,,
Nomac 83,320100,WARRICK,WARRICK 210008 1A,WARRICK 210008 2B,WARRICK 210461 3A,WARRICK 210463 4A,,,110511,110512,110513,110252,,,10/9/2015,10/27/2015,11/18/2015,12/6/2015,,,10/27/2015,11/18/2015,12/6/2015,1/3/2016,,,,,,,,,,,,,,,,,,DRY,210008,210008,210461,210463,0,0,WARRICK WEST,WARRICK WEST,WARRICK EAST,WARRICK FAR EAST,,
Nomac 83,320029,GEORGE,GEORGE 210467 4B,GEORGE 210467 3A,GEORGE 210084 2B,,,,110292,110291,110290,,,,1/8/2016,2/7/2016,3/2/2016,,,,2/7/2016,3/2/2016,3/23/2016,,,,,,,,,,,,,,,,,,,DRY,210467,210467,210084,0,0,0,GEORGE SOUTHEAST,GEORGE SOUTHEAST,GEORGE SOUTHWEST,,,
Nomac 83,320470,ROGER,ROGER 210634 1A,ROGER 210634 2B,ROGER 210634 3C,ROGER 210596 4A,ROGER 210596 5B,ROGER 210596 6C,111617,111618,111619,111620,111621,111500,3/28/2016,4/22/2016,5/17/2016,6/11/2016,7/6/2016,7/31/2016,4/22/2016,5/17/2016,6/11/2016,7/6/2016,7/31/2016,8/25/2016,,,,,,,,,,,,,,,,DRY,210634,210634,210634,210596,210596,210596,ROGER WEST,ROGER WEST,ROGER WEST,ROGER EAST,ROGER EAST,ROGER EAST
Nomac 83,320459,JACOBS,JACOBS 210632 XB,,,,,,111640,,,,,,8/30/2016,,,,,,9/24/2016,,,,,,,,,,,,,,,,,,,,,DRY,210632,0,0,0,0,0,JACOBS,,,,,
Nomac 83,320290,CLAUGUS,CLAUGUS 210245 1A,CLAUGUS 210245 2B,CLAUGUS 210245 3C,CLAUGUS 210245 4D,,,110864,110865,110866,110867,,,9/29/2016,10/24/2016,11/18/2016,12/13/2016,,,10/24/2016,11/18/2016,12/13/2016,1/7/2017,,,,,,,,,,,,,,,,,,DRY,210245,210245,210245,210245,0,0,BRUCE,BRUCE,BRUCE,BRUCE,,
Nomac 83,320286,POTTER,POTTER 210631 XA,POTTER 210631 XB,POTTER 210631 XC,POTTER 210631 XD,,,111483,111484,111498,112787,,,1/12/2017,2/6/2017,3/3/2017,3/28/2017,,,2/6/2017,3/3/2017,3/28/2017,4/22/2017,,,,,,,,,,,,,,,,,,DRY,210631,210631,210631,210631,0,0,POTTER,POTTER,POTTER,POTTER,,
Nomac 83,320285,PAULUS,PAULUS 210594 XA,PAULUS 210594 XB,PAULUS 210594 XC,PAULUS 210594 XD,,,111485,111499,111486,111487,,,4/27/2017,5/22/2017,6/16/2017,7/11/2017,,,5/22/2017,6/16/2017,7/11/2017,8/5/2017,,,,,,,,,,,,,,,,,,DRY,210594,210594,210594,210594,0,0,PAULUS,PAULUS,PAULUS,PAULUS,,
Nomac 83,320629,SCHUMACHER,SCHUMACHER 210617 XA,SCHUMACHER 210617 XB,SCHUMACHER 210617 XC,SCHUMACHER 210617 XD,,,111477,111478,111479,111886,,,8/10/2017,9/4/2017,9/29/2017,10/24/2017,,,9/4/2017,9/29/2017,10/24/2017,11/18/2017,,,,,,,,,,,,,,,,,,DRY,210617,210617,210617,210617,0,0,SCHUMACHER,SCHUMACHER,SCHUMACHER,SCHUMACHER,,
Nomac 83,320575,BATES,BATES 210610 XA,BATES 210610 XB,BATES 210610 XC,BATES 210610 XD,,,111501,111502,111503,111504,,,11/23/2017,12/18/2017,1/12/2018,2/6/2018,,,12/18/2017,1/12/2018,2/6/2018,3/3/2018,,,,,,,,,,,,,,,,,,DRY,210610,210610,210610,210610,0,0,MCCOY S WYN MN,MCCOY S WYN MN,MCCOY S WYN MN,MCCOY S WYN MN,,
Nomac 83,320568,BRIGHT,BRIGHT 210576 XA,BRIGHT 210576 XB,,,,,111505,111506,,,,,3/8/2018,4/2/2018,,,,,4/2/2018,4/27/2018,,,,,,,,,,,,,,,,,,,,DRY,210576,210576,0,0,0,0,WILSON NW WYN MN,WILSON NW WYN MN,,,,
Nomac 83,320491,RICHARD,RICHARD 210624 XA,RICHARD 210624 XB,RICHARD 210624 XC,,,,111563,111564,111565,,,,5/2/2018,5/27/2018,6/21/2018,,,,5/27/2018,6/21/2018,7/16/2018,,,,,,,,,,,,,,,,,,,DRY,210624,210624,210624,0,0,0,WILSON N WYN MN,WILSON N WYN MN,WILSON N WYN MN,,,
Nomac 83,320480,WILLIAMS,WILLIAMS 210563 XA,WILLIAMS 210563 XB,,,,,111543,111544,,,,,7/21/2018,8/15/2018,,,,,8/15/2018,9/9/2018,,,,,,,,,,,,,,,,,,,,DRY,210563,210563,0,0,0,0,WILLIAMS N WSH MN,WILLIAMS N WSH MN,,,,
Nomac 83,320479,KOY,KOY 210620 XA,KOY 210620 XB,KOY 210620 XC,,,,111566,111567,111568,,,,9/14/2018,10/9/2018,11/3/2018,,,,10/9/2018,11/3/2018,11/28/2018,,,,,,,,,,,,,,,,,,,DRY,210620,210620,210620,0,0,0,WILLIAMS S WYN MN,WILLIAMS S WYN MN,WILLIAMS S WYN MN,,,
Nomac 83,320529,OBRIEN S,OBRIEN S 210557 XA,OBRIEN S 210557 XB,,,,,111569,111570,,,,,12/3/2018,12/28/2018,,,,,12/28/2018,1/22/2019,,,,,,,,,,,,,,,,,,,,DRY,210557,210557,0,0,0,0,O'BRIEN S WYN MN,O'BRIEN S WYN MN,,,,
Nomac 83,320466,YOSS S,YOSS S 210601 XC,YOSS S 210601 XB,YOSS S 210601 XA,,,,111573,111572,111571,,,,1/27/2019,2/21/2019,3/18/2019,,,,2/21/2019,3/18/2019,4/12/2019,,,,,,,,,,,,,,,,,,,DRY,210601,210601,210601,0,0,0,YOSS S CNT MN,YOSS S CNT MN,YOSS S CNT MN,,,
Nomac 83,320484,WEST CNT,WEST CNT 210606 XA,WEST CNT 210606 XB,,,,,111585,111586,,,,,4/17/2019,5/12/2019,,,,,5/12/2019,6/6/2019,,,,,,,,,,,,,,,,,,,,DRY,210606,210606,0,0,0,0,WEST CNT MN,WEST CNT MN,,,,
Nomac 83,320505,HANSEN CNT,HANSEN CNT 210616 XA,HANSEN CNT 210616 XB,HANSEN CNT 210616 XC,,,,111547,111548,111549,,,,6/11/2019,7/6/2019,7/31/2019,,,,7/6/2019,7/31/2019,8/25/2019,,,,,,,,,,,,,,,,,,,DRY,210616,210616,210616,0,0,0,HANSEN CNT MN,HANSEN CNT MN,HANSEN CNT MN,,,
Nomac 83,320458,HARTSHORN,HARTSHORN 210619 XA,HARTSHORN 210619 XB,HARTSHORN 210619 XC,,,,111611,111612,111613,,,,8/30/2019,9/24/2019,10/19/2019,,,,9/24/2019,10/19/2019,11/13/2019,,,,,,,,,,,,,,,,,,,DRY,210619,210619,210619,0,0,0,HARTSHORN WYN MN,HARTSHORN WYN MN,HARTSHORN WYN MN,,,
Nomac 83,320487,CLAUGUS NW,CLAUGUS NW 210569 XA,CLAUGUS NW 210569 XB,CLAUGUS NW 210569 XC,,,,111614,111615,111616,,,,11/18/2019,12/13/2019,1/7/2020,,,,12/13/2019,1/7/2020,2/1/2020,,,,,,,,,,,,,,,,,,,DRY,210569,210569,210569,0,0,0,CLAUGUS NW WYN MN,CLAUGUS NW WYN MN,CLAUGUS NW WYN MN,,,
Nomac 83,320463,BARTENSCHLAG S,BARTENSCHLAG S 210565 XA,BARTENSCHLAG S 210565 XB,BARTENSCHLAG S 210565 XC,,,,111608,111609,111610,,,,2/6/2020,3/2/2020,3/27/2020,,,,3/2/2020,3/27/2020,4/21/2020,,,,,,,,,,,,,,,,,,,DRY,210565,210565,210565,0,0,0,BARTENSCHLAG S WYN MN,BARTENSCHLAG S WYN MN,BARTENSCHLAG S WYN MN,,,
Nomac 83,320500,SIRIANNI,SIRIANNI 210609 XA,SIRIANNI 210609 XB,SIRIANNI 210609 XC,,,,111593,111594,111595,,,,4/26/2020,5/21/2020,6/15/2020,,,,5/21/2020,6/15/2020,7/10/2020,,,,,,,,,,,,,,,,,,,DRY,210609,210609,210609,0,0,0,SIRIANNI WYN MN,SIRIANNI WYN MN,SIRIANNI WYN MN,,,
Nomac 83,320526,MCCOY N,MCCOY N 210605 XA,MCCOY N 210605 XB,MCCOY N 210605 XC,,,,111596,111597,111598,,,,7/15/2020,8/9/2020,9/3/2020,,,,8/9/2020,9/3/2020,9/28/2020,,,,,,,,,,,,,,,,,,,DRY,210605,210605,210605,0,0,0,MCCOY N WSH MN,MCCOY N WSH MN,MCCOY N WSH MN,,,
Nomac 83,320495,FRY S,FRY S 210560 XA,FRY S 210560 XB,,,,,111507,111508,,,,,10/3/2020,10/28/2020,,,,,10/28/2020,11/22/2020,,,,,,,,,,,,,,,,,,,,DRY,210560,210560,0,0,0,0,FRY S SUM MN,FRY S SUM MN,,,,
Nomac 83,9,, 210611 XA, 210611 XB, 210611 XC,,,,111560,111561,111562,,,,11/27/2020,12/22/2020,1/16/2021,,,,12/22/2020,1/16/2021,2/10/2021,,,,,,,,,,,,,,,,,,,DRY,210611,210611,210611,0,0,0,TRUAX WYN MN,TRUAX WYN MN,TRUAX WYN MN,,,
Nomac 83,9,, 210628 XA, 210628 XB, 210628 XC,,,,111557,111558,111559,,,,2/15/2021,3/12/2021,4/6/2021,,,,3/12/2021,4/6/2021,5/1/2021,,,,,,,,,,,,,,,,,,,DRY,210628,210628,210628,0,0,0,WILLIAMS N WYN MN,WILLIAMS N WYN MN,WILLIAMS N WYN MN,,,
Nomac 83,320528,LYDICK,LYDICK 210600 XA,LYDICK 210600 XB,LYDICK 210585 XA,LYDICK 210585 XB,LYDICK 210585 XC,,111555,111556,111552,111553,111554,,5/6/2021,5/31/2021,6/25/2021,7/20/2021,8/14/2021,,5/31/2021,6/25/2021,7/20/2021,8/14/2021,9/8/2021,,,,,,,,,,,,,,,,,DRY,210600,210600,210585,210585,210585,0,O'BRIEN N WYN MN,O'BRIEN N WYN MN,YOSS N CNT MN,YOSS N CNT MN,YOSS N CNT MN,
Nomac 83,320483,WEBER,WEBER 210638 XA,WEBER 210638 XB,,,,,111550,111551,,,,,9/13/2021,10/8/2021,,,,,10/8/2021,11/2/2021,,,,,,,,,,,,,,,,,,,,DRY,210638,210638,0,0,0,0,WEBER CNT MN,WEBER CNT MN,,,,
Nomac 83,0,,,,,,,,,,,,,,11/7/2021,,,,,,,,,,,,,,,,,,,,,,,,,,,,0,0,0,0,0,0,,,,,,
Nomac 83,0,,,,,,,,,,,,,,,,,,,,,,,,,,,,,,,,,,,,,,,,,,0,0,0,0,0,0,,,,,,
Nomac 83,0,,,,,,,,,,,,,,,,,,,,,,,,,,,,,,,,,,,,,,,,,,0,0,0,0,0,0,,,,,,
Nomac 83,0,,,,,,,,,,,,,,,,,,,,,,,,,,,,,,,,,,,,,,,,,,0,0,0,0,0,0,,,,,,
Nomac 83,0,,,,,,,,,,,,,,,,,,,,,,,,,,,,,,,,,,,,,,,,,,0,0,0,0,0,0,,,,,,
Nomac 83,0,,,,,,,,,,,,,,,,,,,,,,,,,,,,,,,,,,,,,,,,,,0,0,0,0,0,0,,,,,,
Nomac 83,0,,,,,,,,,,,,,,,,,,,,,,,,,,,,,,,,,,,,,,,,,,0,0,0,0,0,0,,,,,,
Nomac 83,0,,,,,,,,,,,,,,,,,,,,,,,,,,,,,,,,,,,,,,,,,,0,0,0,0,0,0,,,,,,
Nomac 83,0,,,,,,,,,,,,,,,,,,,,,,,,,,,,,,,,,,,,,,,,,,0,0,0,0,0,0,,,,,,
0,0,0,,,,,,,,,,,,,,,,,,,1/0/1900,1/0/1900,1/0/1900,1/0/1900,1/0/1900,1/0/1900,,,,,,,,,,,,,,,,,0,0,0,0,0,0,,,,,,
Patterson 538,320198,WESTHAWK,WESTHAWK 210209 4A,WESTHAWK 210209 3B,WESTHAWK 210209 2C,WESTHAWK 210209 1D,,,110067,110068,110069,110070,,,8/7/2014,9/1/2014,9/14/2014,10/8/2014,,,9/1/2014,9/14/2014,10/8/2014,10/30/2014,,,,,,,,,,,,,,,,,,DRY,210209,210209,210209,210209,0,0,WESTHAWK,WESTHAWK,WESTHAWK,WESTHAWK,,
Patterson 538,320305,HOWELL,HOWELL 210093 1A,HOWELL 210093 2B,HOWELL 210093 3C,HOWELL 210093 4D,,,110157,110158,110159,110160,,,11/4/2014,12/10/2014,1/3/2015,1/21/2015,,,12/10/2014,1/3/2015,1/21/2015,2/12/2015,,,,,,,,,,,,,,,,,,DRY,210093,210093,210093,210093,0,0,EAST FORK II SOUTH B,EAST FORK II SOUTH B,EAST FORK II SOUTH B,EAST FORK II SOUTH B,,
Patterson 538,320097,ROUTH,ROUTH 210019 1A,ROUTH 210019 2B,ROUTH 210019 3C,ROUTH 210019 4D,,,110343,110342,110341,110340,,,12/27/2014,2/21/2015,3/17/2015,4/6/2015,,,1/21/2015,3/17/2015,4/6/2015,4/22/2015,,,,,,,,,,,,,,,,,,DRY,210019,210019,210019,210019,0,0,EAST FORK SOUTH B,EAST FORK SOUTH B,EAST FORK SOUTH B,EAST FORK SOUTH B,,
Patterson 538,320278,WINESBURG,WINESBURG 210020 2A,WINESBURG 210020 3C,WINESBURG 210020 1B,,,,110058,110232,110800,,,,5/1/2015,5/30/2015,7/7/2015,,,,5/30/2015,7/7/2015,8/10/2015,,,,,,,,,,,,,,,,,,,DRY,210020,210020,210020,0,0,0,WINESBURG,WINESBURG,WINESBURG,,,
Blue Rig,0,,,,,,,,,,,,,,1/0/1900,,,,,,,,,,,,,,,,,,,,,,,,,,,,0,0,0,0,0,0,,,,,,
Blue Rig,320232,ARNOLD,ARNOLD 210252 1D,ARNOLD 210131 2D,ARNOLD 210131 3C,,,,110910,110909,110908,,,,1/1/2017,1/26/2017,2/20/2017,,,,1/26/2017,2/20/2017,3/17/2017,,,,,,,,,,,,,,,,,,,DRY,210252,210131,210131,0,0,0,HEADLEY RIDGE EAST,HEADLEY RIDGE WEST,HEADLEY RIDGE WEST,,,
Blue Rig,320206,GARY,GARY 210099 1F,GARY 210099 2E,GARY 210099 3D,GARY 210206 4D,GARY 210206 XC,GARY 210098 XD,112097,110277,110278,110279,110280,110270,3/22/2017,4/16/2017,5/11/2017,6/5/2017,6/30/2017,7/25/2017,4/16/2017,5/11/2017,6/5/2017,6/30/2017,7/25/2017,8/19/2017,,,,,,,,,,,,,,,,DRY,210099,210099,210099,210206,210206,210098,MELLOTT RIDGE II EAST,MELLOTT RIDGE II EAST,MELLOTT RIDGE II EAST,MELLOTT RIDGE II WEST,MELLOTT RIDGE II WEST,YELLOW RIDGE
Blue Rig,320569,WHITE,WHITE 210032 1B,WHITE 210081 2B,WHITE 210081 3A,WHITE 210082 4A,WHITE 210082 5B,WHITE 210707 XA,110640,112043,110611,110612,110614,112046,8/24/2017,9/18/2017,10/13/2017,11/7/2017,12/2/2017,12/27/2017,9/18/2017,10/13/2017,11/7/2017,12/2/2017,12/27/2017,1/21/2018,,,,,,,,,,,,,,,,DRY,210032,210081,210081,210082,210082,210707,36,37,37,EISENHOWER A,EISENHOWER A,EISENHOWER C
Blue Rig,320280,STANDING STONE RUN C,STANDING STONE RUN C 210222 XA,STANDING STONE RUN C 210232 XD,,,,,110276,110794,,,,,1/26/2018,2/20/2018,,,,,2/20/2018,3/17/2018,,,,,,,,,,,,,,,,,,,,DRY,210222,210232,0,0,0,0,YELLOW RIDGE C,STANDINGSTONE RUN C,,,,
Blue Rig,320175,PHILLIPS,PHILLIPS 210023 XB,PHILLIPS 210023 XA,PHILLIPS 210225 XC,PHILLIPS 210225 XB,PHILLIPS 210746 XA,,110254,110253,110742,110741,110114,,3/22/2018,4/16/2018,5/11/2018,6/5/2018,6/30/2018,,4/16/2018,5/11/2018,6/5/2018,6/30/2018,7/25/2018,,,,,,,,,,,,,,,,,DRY,210023,210023,210225,210225,210746,0,SANDY RIDGE A,SANDY RIDGE A,SANDY RIDGE B,SANDY RIDGE B,MAUMEE ROAD A,
Blue Rig,320056,SNODGRASS,SNODGRASS 210010 XA,SNODGRASS 210010 XB,SNODGRASS 210010 XC,SNODGRASS 210010 XD,,,110644,110645,110646,110647,,,7/30/2018,8/24/2018,9/18/2018,10/13/2018,,,8/24/2018,9/18/2018,10/13/2018,11/7/2018,,,,,,,,,,,,,,,,,,DRY,210010,210010,210010,210010,0,0,SNODGRASS,SNODGRASS,SNODGRASS,SNODGRASS,,
Blue Rig,320281,HOPTON,HOPTON 210238 XA,HOPTON 210238 XB,HOPTON 210230 XA,HOPTON 210230 XB,HOPTON 210231 XA,,110784,110785,112131,110787,110788,,11/12/2018,12/7/2018,1/1/2019,1/26/2019,2/20/2019,,12/7/2018,1/1/2019,1/26/2019,2/20/2019,3/17/2019,,,,,,,,,,,,,,,,,DRY,210238,210238,210230,210230,210231,0,CLAUGUS B,CLAUGUS B,STANDINGSTONE RUN A,STANDINGSTONE RUN A,STANDINGSTONE RUN B,
Blue Rig,320138,HOOVER,HOOVER 210259 XB,HOOVER 210260 XA,HOOVER 210260 XB,,,,110282,112104,110284,,,,3/22/2019,4/16/2019,5/11/2019,,,,4/16/2019,5/11/2019,6/5/2019,,,,,,,,,,,,,,,,,,,DRY,210259,210260,210260,0,0,0,MELLOTT RIDGE II NORTH A,MELLOTT RIDGE II NORTH B,MELLOTT RIDGE II NORTH B,,,
Blue Rig,320628,CYNTHIA,CYNTHIA 210961 XD,CYNTHIA 210094 XB,CYNTHIA 210745 XB,CYNTHIA 210745 XA,,,112019,110185,112008,110187,,,6/10/2019,7/5/2019,7/30/2019,8/24/2019,,,7/5/2019,7/30/2019,8/24/2019,9/18/2019,,,,,,,,,,,,,,,,,,DRY,210961,210094,210745,210745,0,0,LONG RUN D,JAKES RUN II SOUTH B,JAKES RUN II SOUTH A,JAKES RUN II SOUTH A,,
Blue Rig,320071,CUNNINGHAM,CUNNINGHAM 210167 XB,CUNNINGHAM 210167 XA,CUNNINGHAM 210167 XC,,,,110826,110825,110827,,,,9/23/2019,10/18/2019,11/12/2019,,,,10/18/2019,11/12/2019,12/7/2019,,,,,,,,,,,,,,,,,,,WET,210167,210167,210167,0,0,0,CUNNINGHAM,CUNNINGHAM,CUNNINGHAM,,,
Blue Rig,320226,STEPHENS,STEPHENS 210149 XA,STEPHENS 210149 XB,STEPHENS 210149 XC,STEPHENS 210234 XA,STEPHENS 210234 XB,STEPHENS 210234 XC,110804,110805,110806,110801,110802,110803,12/12/2019,1/6/2020,1/31/2020,2/25/2020,3/21/2020,4/15/2020,1/6/2020,1/31/2020,2/25/2020,3/21/2020,4/15/2020,5/10/2020,,,,,,,,,,,,,,,,WET,210149,210149,210149,210234,210234,210234,STEPHENS NORTH,STEPHENS NORTH,STEPHENS NORTH,STEPHENS SOUTH,STEPHENS SOUTH,STEPHENS SOUTH
Blue Rig,320577,THOMAS,THOMAS 210258 XA,THOMAS 210258 XB,THOMAS 210258 XC,THOMAS 210258 XD,THOMAS 210258 XE,,110840,110841,110842,110843,110844,,5/15/2020,6/9/2020,7/4/2020,7/29/2020,8/23/2020,,6/9/2020,7/4/2020,7/29/2020,8/23/2020,9/17/2020,,,,,,,,,,,,,,,,,WET,210258,210258,210258,210258,210258,0,DOG HOLLOW A,DOG HOLLOW A,DOG HOLLOW A,DOG HOLLOW A,DOG HOLLOW A,
Blue Rig,320346,LOIS,LOIS 210295 XB,LOIS 210295 XA,,,,,111031,111030,,,,,9/22/2020,10/17/2020,,,,,10/17/2020,11/11/2020,,,,,,,,,,,,,,,,,,,,WET,210295,210295,0,0,0,0,LOIS,LOIS,,,,
Blue Rig,320341,STARR,STARR 210296 XA,STARR 210296 XB,,,,,111028,111029,,,,,11/16/2020,12/11/2020,,,,,12/11/2020,1/5/2021,,,,,,,,,,,,,,,,,,,,WET,210296,210296,0,0,0,0,STARR,STARR,,,,
Blue Rig,320322,EUGENE,EUGENE 210459 XB,EUGENE 210459 XC,,,,,111074,111075,,,,,1/10/2021,2/4/2021,,,,,2/4/2021,3/1/2021,,,,,,,,,,,,,,,,,,,,WET,210459,210459,0,0,0,0,EUGENE,EUGENE,,,,
Blue Rig,0,,,,,,,,,,,,,,3/6/2021,,,,,,,,,,,,,,,,,,,,,,,,,,,,0,0,0,0,0,0,,,,,,
Blue Rig,0,,,,,,,,,,,,,,,,,,,,,,,,,,,,,,,,,,,,,,,,,,0,0,0,0,0,0,,,,,,
Blue Rig,0,,,,,,,,,,,,,,,,,,,,,,,,,,,,,,,,,,,,,,,,,,0,0,0,0,0,0,,,,,,
Blue Rig,0,,,,,,,,,,,,,,,,,,,,,,,,,,,,,,,,,,,,,,,,,,0,0,0,0,0,0,,,,,,
Blue Rig,0,,,,,,,,,,,,,,,,,,,,,,,,,,,,,,,,,,,,,,,,,,0,0,0,0,0,0,,,,,,
Blue Rig,0,,,,,,,,,,,,,,,,,,,,,,,,,,,,,,,,,,,,,,,,,,0,0,0,0,0,0,,,,,,
Blue Rig,0,,,,,,,,,,,,,,,,,,,,,,,,,,,,,,,,,,,,,,,,,,0,0,0,0,0,0,,,,,,
Blue Rig,0,,,,,,,,,,,,,,,,,,,,,,,,,,,,,,,,,,,,,,,,,,0,0,0,0,0,0,,,,,,
0,0,,,,,,,,,,,,,,,,,,,,,,,,,,,,,,,,,,,,,,,,,,0,0,0,0,0,0,,,,,,
0,0,,,,,,,,,,,,,,,,,,,,,,,,,,,,,,,,,,,,,,,,,,0,0,0,0,0,0,,,,,,
0,0,,,,,,,,,,,,,,,,,,,,,,,,,,,,,,,,,,,,,,,,,,0,0,0,0,0,0,,,,,,
0,0,,,,,,,,,,,,,,,,,,,,,,,,,,,,,,,,,,,,,,,,,,0,0,0,0,0,0,,,,,,
0,0,,,,,,,,,,,,,,,,,,,,,,,,,,,,,,,,,,,,,,,,,,0,0,0,0,0,0,,,,,,
0,0,,,,,,,,,,,,,,,,,,,,,,,,,,,,,,,,,,,,,,,,,,0,0,0,0,0,0,,,,,,
0,0,,,,,,,,,,,,,,,,,,,,,,,,,,,,,,,,,,,,,,,,,,0,0,0,0,0,0,,,,,,
0,0,,,,,,,,,,,,,,,,,,,,,,,,,,,,,,,,,,,,,,,,,,0,0,0,0,0,0,,,,,,
0,0,,,,,,,,,,,,,,,,,,,,,,,,,,,,,,,,,,,,,,,,,,0,0,0,0,0,0,,,,,,
0,0,,,,,,,,,,,,,,,,,,,,,,,,,,,,,,,,,,,,,,,,,,0,0,0,0,0,0,,,,,,
0,0,,,,,,,,,,,,,,,,,,,,,,,,,,,,,,,,,,,,,,,,,,0,0,0,0,0,0,,,,,,
0,0,,,,,,,,,,,,,,,,,,,,,,,,,,,,,,,,,,,,,,,,,,0,0,0,0,0,0,,,,,,
0,0,,,,,,,,,,,,,,,,,,,,,,,,,,,,,,,,,,,,,,,,,,0,0,0,0,0,0,,,,,,
0,0,,,,,,,,,,,,,,,,,,,,,,,,,,,,,,,,,,,,,,,,,,0,0,0,0,0,0,,,,,,
0,0,,,,,,,,,,,,,,,,,,,,,,,,,,,,,,,,,,,,,,,,,,0,0,0,0,0,0,,,,,,
0,0,,,,,,,,,,,,,,,,,,,,,,,,,,,,,,,,,,,,,,,,,,0,0,0,0,0,0,,,,,,
0,0,,,,,,,,,,,,,,,,,,,,,,,,,,,,,,,,,,,,,,,,,,0,0,0,0,0,0,,,,,,
0,0,,,,,,,,,,,,,,,,,,,,,,,,,,,,,,,,,,,,,,,,,,0,0,0,0,0,0,,,,,,
0,0,,,,,,,,,,,,,,,,,,,,,,,,,,,,,,,,,,,,,,,,,,0,0,0,0,0,0,,,,,,
0,0,,,,,,,,,,,,,,,,,,,,,,,,,,,,,,,,,,,,,,,,,,0,0,0,0,0,0,,,,,,
,,,,,,,,,,,,,,,,,,,,,1/0/1900,1/0/1900,1/0/1900,1/0/1900,1/0/1900,1/0/1900,,,,,,,,,,,,,,,,,,,,,,,,,,,,
,,,,,,,,,,,,,,,,,,,,,1/0/1900,1/0/1900,1/0/1900,1/0/1900,1/0/1900,1/0/1900,,,,,,,,,,,,,,,,,,,,,,,,,,,,
,,,,,,,,,,,,,,,,,,,,,1/0/1900,1/0/1900,1/0/1900,1/0/1900,1/0/1900,1/0/1900,,,,,,,,,,,,,,,,,,,,,,,,,,,,
,,,,,,,,,,,,,,,,,,,,,1/0/1900,1/0/1900,1/0/1900,1/0/1900,1/0/1900,1/0/1900,,,,,,,,,,,,,,,,,,,,,,,,,,,,
,,,,,,,,,,,,,,,,,,,,,1/0/1900,1/0/1900,1/0/1900,1/0/1900,1/0/1900,1/0/1900,,,,,,,,,,,,,,,,,,,,,,,,,,,,
,,,,,,,,,,,,,,,,,,,,,1/0/1900,1/0/1900,1/0/1900,1/0/1900,1/0/1900,1/0/1900,,,,,,,,,,,,,,,,,,,,,,,,,,,,
,,,,,,,,,,,,,,,,,,,,,1/0/1900,1/0/1900,1/0/1900,1/0/1900,1/0/1900,1/0/1900,,,,,,,,,,,,,,,,,,,,,,,,,,,,
,,,,,,,,,,,,,,,,,,,,,1/0/1900,1/0/1900,1/0/1900,1/0/1900,1/0/1900,1/0/1900,,,,,,,,,,,,,,,,,,,,,,,,,,,,
,,,,,,,,,,,,,,,,,,,,,1/0/1900,1/0/1900,1/0/1900,1/0/1900,1/0/1900,1/0/1900,,,,,,,,,,,,,,,,,,,,,,,,,,,,
,,,,,,,,,,,,,,,,,,,,,1/0/1900,1/0/1900,1/0/1900,1/0/1900,1/0/1900,1/0/1900,,,,,,,,,,,,,,,,,,,,,,,,,,,,
,,,,,,,,,,,,,,,,,,,,,1/0/1900,1/0/1900,1/0/1900,1/0/1900,1/0/1900,1/0/1900,,,,,,,,,,,,,,,,,,,,,,,,,,,,
,,,,,,,,,,,,,,,,,,,,,1/0/1900,1/0/1900,1/0/1900,1/0/1900,1/0/1900,1/0/1900,,,,,,,,,,,,,,,,,,,,,,,,,,,,
,,,,,,,,,,,,,,,,,,,,,1/0/1900,1/0/1900,1/0/1900,1/0/1900,1/0/1900,1/0/1900,,,,,,,,,,,,,,,,,,,,,,,,,,,,
,,,,,,,,,,,,,,,,,,,,,1/0/1900,1/0/1900,1/0/1900,1/0/1900,1/0/1900,1/0/1900,,,,,,,,,,,,,,,,,,,,,,,,,,,,
,,,,,,,,,,,,,,,,,,,,,1/0/1900,1/0/1900,1/0/1900,1/0/1900,1/0/1900,1/0/1900,,,,,,,,,,,,,,,,,,,,,,,,,,,,
,,,,,,,,,,,,,,,,,,,,,1/0/1900,1/0/1900,1/0/1900,1/0/1900,1/0/1900,1/0/1900,,,,,,,,,,,,,,,,,,,,,,,,,,,,
,,,,,,,,,,,,,,,,,,,,,1/0/1900,1/0/1900,1/0/1900,1/0/1900,1/0/1900,1/0/1900,,,,,,,,,,,,,,,,,,,,,,,,,,,,
,,,,,,,,,,,,,,,,,,,,,1/0/1900,1/0/1900,1/0/1900,1/0/1900,1/0/1900,1/0/1900,,,,,,,,,,,,,,,,,,,,,,,,,,,,
,,,,,,,,,,,,,,,,,,,,,1/0/1900,1/0/1900,1/0/1900,1/0/1900,1/0/1900,1/0/1900,,,,,,,,,,,,,,,,,,,,,,,,,,,,
,,,,,,,,,,,,,,,,,,,,,1/0/1900,1/0/1900,1/0/1900,1/0/1900,1/0/1900,1/0/1900,,,,,,,,,,,,,,,,,,,,,,,,,,,,
,,,,,,,,,,,,,,,,,,,,,1/0/1900,1/0/1900,1/0/1900,1/0/1900,1/0/1900,1/0/1900,,,,,,,,,,,,,,,,,,,,,,,,,,,,
,,,,,,,,,,,,,,,,,,,,,1/0/1900,1/0/1900,1/0/1900,1/0/1900,1/0/1900,1/0/1900,,,,,,,,,,,,,,,,,,,,,,,,,,,,
,,,,,,,,,,,,,,,,,,,,,1/0/1900,1/0/1900,1/0/1900,1/0/1900,1/0/1900,1/0/1900,,,,,,,,,,,,,,,,,,,,,,,,,,,,
,,,,,,,,,,,,,,,,,,,,,1/0/1900,1/0/1900,1/0/1900,1/0/1900,1/0/1900,1/0/1900,,,,,,,,,,,,,,,,,,,,,,,,,,,,
,,,,,,,,,,,,,,,,,,,,,1/0/1900,1/0/1900,1/0/1900,1/0/1900,1/0/1900,1/0/1900,,,,,,,,,,,,,,,,,,,,,,,,,,,,
,,,,,,,,,,,,,,,,,,,,,1/0/1900,1/0/1900,1/0/1900,1/0/1900,1/0/1900,1/0/1900,,,,,,,,,,,,,,,,,,,,,,,,,,,,
,,,,,,,,,,,,,,,,,,,,,1/0/1900,1/0/1900,1/0/1900,1/0/1900,1/0/1900,1/0/1900,,,,,,,,,,,,,,,,,,,,,,,,,,,,
,,,,,,,,,,,,,,,,,,,,,1/0/1900,1/0/1900,1/0/1900,1/0/1900,1/0/1900,1/0/1900,,,,,,,,,,,,,,,,,,,,,,,,,,,,
,,,,,,,,,,,,,,,,,,,,,1/0/1900,1/0/1900,1/0/1900,1/0/1900,1/0/1900,1/0/1900,,,,,,,,,,,,,,,,,,,,,,,,,,,,
,,,,,,,,,,,,,,,,,,,,,1/0/1900,1/0/1900,1/0/1900,1/0/1900,1/0/1900,1/0/1900,,,,,,,,,,,,,,,,,,,,,,,,,,,,
,,,,,,,,,,,,,,,,,,,,,1/0/1900,1/0/1900,1/0/1900,1/0/1900,1/0/1900,1/0/1900,,,,,,,,,,,,,,,,,,,,,,,,,,,,
,,,,,,,,,,,,,,,,,,,,,1/0/1900,1/0/1900,1/0/1900,1/0/1900,1/0/1900,1/0/1900,,,,,,,,,,,,,,,,,,,,,,,,,,,,
,,,,,,,,,,,,,,,,,,,,,1/0/1900,1/0/1900,1/0/1900,1/0/1900,1/0/1900,1/0/1900,,,,,,,,,,,,,,,,,,,,,,,,,,,,
,,,,,,,,,,,,,,,,,,,,,1/0/1900,1/0/1900,1/0/1900,1/0/1900,1/0/1900,1/0/1900,,,,,,,,,,,,,,,,,,,,,,,,,,,,
,,,,,,,,,,,,,,,,,,,,,1/0/1900,1/0/1900,1/0/1900,1/0/1900,1/0/1900,1/0/1900,,,,,,,,,,,,,,,,,,,,,,,,,,,,
,,,,,,,,,,,,,,,,,,,,,1/0/1900,1/0/1900,1/0/1900,1/0/1900,1/0/1900,1/0/1900,,,,,,,,,,,,,,,,,,,,,,,,,,,,
,,,,,,,,,,,,,,,,,,,,,1/0/1900,1/0/1900,1/0/1900,1/0/1900,1/0/1900,1/0/1900,,,,,,,,,,,,,,,,,,,,,,,,,,,,
,,,,,,,,,,,,,,,,,,,,,1/0/1900,1/0/1900,1/0/1900,1/0/1900,1/0/1900,1/0/1900,,,,,,,,,,,,,,,,,,,,,,,,,,,,
,,,,,,,,,,,,,,,,,,,,,1/0/1900,1/0/1900,1/0/1900,1/0/1900,1/0/1900,1/0/1900,,,,,,,,,,,,,,,,,,,,,,,,,,,,
,,,,,,,,,,,,,,,,,,,,,1/0/1900,1/0/1900,1/0/1900,1/0/1900,1/0/1900,1/0/1900,,,,,,,,,,,,,,,,,,,,,,,,,,,,
,,,,,,,,,,,,,,,,,,,,,1/0/1900,1/0/1900,1/0/1900,1/0/1900,1/0/1900,1/0/1900,,,,,,,,,,,,,,,,,,,,,,,,,,,,
,,,,,,,,,,,,,,,,,,,,,1/0/1900,1/0/1900,1/0/1900,1/0/1900,1/0/1900,1/0/1900,,,,,,,,,,,,,,,,,,,,,,,,,,,,
,,,,,,,,,,,,,,,,,,,,,1/0/1900,1/0/1900,1/0/1900,1/0/1900,1/0/1900,1/0/1900,,,,,,,,,,,,,,,,,,,,,,,,,,,,
,,,,,,,,,,,,,,,,,,,,,1/0/1900,1/0/1900,1/0/1900,1/0/1900,1/0/1900,1/0/1900,,,,,,,,,,,,,,,,,,,,,,,,,,,,
,,,,,,,,,,,,,,,,,,,,,1/0/1900,1/0/1900,1/0/1900,1/0/1900,1/0/1900,1/0/1900,,,,,,,,,,,,,,,,,,,,,,,,,,,,
,,,,,,,,,,,,,,,,,,,,,1/0/1900,1/0/1900,1/0/1900,1/0/1900,1/0/1900,1/0/1900,,,,,,,,,,,,,,,,,,,,,,,,,,,,
,,,,,,,,,,,,,,,,,,,,,1/0/1900,1/0/1900,1/0/1900,1/0/1900,1/0/1900,1/0/1900,,,,,,,,,,,,,,,,,,,,,,,,,,,,
,,,,,,,,,,,,,,,,,,,,,1/0/1900,1/0/1900,1/0/1900,1/0/1900,1/0/1900,1/0/1900,,,,,,,,,,,,,,,,,,,,,,,,,,,,
,,,,,,,,,,,,,,,,,,,,,1/0/1900,1/0/1900,1/0/1900,1/0/1900,1/0/1900,1/0/1900,,,,,,,,,,,,,,,,,,,,,,,,,,,,
,,,,,,,,,,,,,,,,,,,,,1/0/1900,1/0/1900,1/0/1900,1/0/1900,1/0/1900,1/0/1900,,,,,,,,,,,,,,,,,,,,,,,,,,,,
,,,,,,,,,,,,,,,,,,,,,1/0/1900,1/0/1900,1/0/1900,1/0/1900,1/0/1900,1/0/1900,,,,,,,,,,,,,,,,,,,,,,,,,,,,
,,,,,,,,,,,,,,,,,,,,,1/0/1900,1/0/1900,1/0/1900,1/0/1900,1/0/1900,1/0/1900,,,,,,,,,,,,,,,,,,,,,,,,,,,,
,,,,,,,,,,,,,,,,,,,,,1/0/1900,1/0/1900,1/0/1900,1/0/1900,1/0/1900,1/0/1900,,,,,,,,,,,,,,,,,,,,,,,,,,,,
,,,,,,,,,,,,,,,,,,,,,1/0/1900,1/0/1900,1/0/1900,1/0/1900,1/0/1900,1/0/1900,,,,,,,,,,,,,,,,,,,,,,,,,,,,
,,,,,,,,,,,,,,,,,,,,,1/0/1900,1/0/1900,1/0/1900,1/0/1900,1/0/1900,1/0/1900,,,,,,,,,,,,,,,,,,,,,,,,,,,,
,,,,,,,,,,,,,,,,,,,,,1/0/1900,1/0/1900,1/0/1900,1/0/1900,1/0/1900,1/0/1900,,,,,,,,,,,,,,,,,,,,,,,,,,,,
,,,,,,,,,,,,,,,,,,,,,1/0/1900,1/0/1900,1/0/1900,1/0/1900,1/0/1900,1/0/1900,,,,,,,,,,,,,,,,,,,,,,,,,,,,
,,,,,,,,,,,,,,,,,,,,,1/0/1900,1/0/1900,1/0/1900,1/0/1900,1/0/1900,1/0/1900,,,,,,,,,,,,,,,,,,,,,,,,,,,,
,,,,,,,,,,,,,,,,,,,,,1/0/1900,1/0/1900,1/0/1900,1/0/1900,1/0/1900,1/0/1900,,,,,,,,,,,,,,,,,,,,,,,,,,,,
,,,,,,,,,,,,,,,,,,,,,1/0/1900,1/0/1900,1/0/1900,1/0/1900,1/0/1900,1/0/1900,,,,,,,,,,,,,,,,,,,,,,,,,,,,
,,,,,,,,,,,,,,,,,,,,,1/0/1900,1/0/1900,1/0/1900,1/0/1900,1/0/1900,1/0/1900,,,,,,,,,,,,,,,,,,,,,,,,,,,,
,,,,,,,,,,,,,,,,,,,,,1/0/1900,1/0/1900,1/0/1900,1/0/1900,1/0/1900,1/0/1900,,,,,,,,,,,,,,,,,,,,,,,,,,,,
,,,,,,,,,,,,,,,,,,,,,1/0/1900,1/0/1900,1/0/1900,1/0/1900,1/0/1900,1/0/1900,,,,,,,,,,,,,,,,,,,,,,,,,,,,
,,,,,,,,,,,,,,,,,,,,,1/0/1900,1/0/1900,1/0/1900,1/0/1900,1/0/1900,1/0/1900,,,,,,,,,,,,,,,,,,,,,,,,,,,,
,,,,,,,,,,,,,,,,,,,,,1/0/1900,1/0/1900,1/0/1900,1/0/1900,1/0/1900,1/0/1900,,,,,,,,,,,,,,,,,,,,,,,,,,,,
,,,,,,,,,,,,,,,,,,,,,1/0/1900,1/0/1900,1/0/1900,1/0/1900,1/0/1900,1/0/1900,,,,,,,,,,,,,,,,,,,,,,,,,,,,
,,,,,,,,,,,,,,,,,,,,,1/0/1900,1/0/1900,1/0/1900,1/0/1900,1/0/1900,1/0/1900,,,,,,,,,,,,,,,,,,,,,,,,,,,,
,,,,,,,,,,,,,,,,,,,,,1/0/1900,1/0/1900,1/0/1900,1/0/1900,1/0/1900,1/0/1900,,,,,,,,,,,,,,,,,,,,,,,,,,,,
,,,,,,,,,,,,,,,,,,,,,1/0/1900,1/0/1900,1/0/1900,1/0/1900,1/0/1900,1/0/1900,,,,,,,,,,,,,,,,,,,,,,,,,,,,
,,,,,,,,,,,,,,,,,,,,,1/0/1900,1/0/1900,1/0/1900,1/0/1900,1/0/1900,1/0/1900,,,,,,,,,,,,,,,,,,,,,,,,,,,,
,,,,,,,,,,,,,,,,,,,,,1/0/1900,1/0/1900,1/0/1900,1/0/1900,1/0/1900,1/0/1900,,,,,,,,,,,,,,,,,,,,,,,,,,,,
,,,,,,,,,,,,,,,,,,,,,1/0/1900,1/0/1900,1/0/1900,1/0/1900,1/0/1900,1/0/1900,,,,,,,,,,,,,,,,,,,,,,,,,,,,
,,,,,,,,,,,,,,,,,,,,,1/0/1900,1/0/1900,1/0/1900,1/0/1900,1/0/1900,1/0/1900,,,,,,,,,,,,,,,,,,,,,,,,,,,,
,,,,,,,,,,,,,,,,,,,,,1/0/1900,1/0/1900,1/0/1900,1/0/1900,1/0/1900,1/0/1900,,,,,,,,,,,,,,,,,,,,,,,,,,,,
,,,,,,,,,,,,,,,,,,,,,1/0/1900,1/0/1900,1/0/1900,1/0/1900,1/0/1900,1/0/1900,,,,,,,,,,,,,,,,,,,,,,,,,,,,
,,,,,,,,,,,,,,,,,,,,,1/0/1900,1/0/1900,1/0/1900,1/0/1900,1/0/1900,1/0/1900,,,,,,,,,,,,,,,,,,,,,,,,,,,,
,,,,,,,,,,,,,,,,,,,,,1/0/1900,1/0/1900,1/0/1900,1/0/1900,1/0/1900,1/0/1900,,,,,,,,,,,,,,,,,,,,,,,,,,,,
,,,,,,,,,,,,,,,,,,,,,1/0/1900,1/0/1900,1/0/1900,1/0/1900,1/0/1900,1/0/1900,,,,,,,,,,,,,,,,,,,,,,,,,,,,
,,,,,,,,,,,,,,,,,,,,,1/0/1900,1/0/1900,1/0/1900,1/0/1900,1/0/1900,1/0/1900,,,,,,,,,,,,,,,,,,,,,,,,,,,,
,,,,,,,,,,,,,,,,,,,,,1/0/1900,1/0/1900,1/0/1900,1/0/1900,1/0/1900,1/0/1900,,,,,,,,,,,,,,,,,,,,,,,,,,,,
,,,,,,,,,,,,,,,,,,,,,1/0/1900,1/0/1900,1/0/1900,1/0/1900,1/0/1900,1/0/1900,,,,,,,,,,,,,,,,,,,,,,,,,,,,
,,,,,,,,,,,,,,,,,,,,,1/0/1900,1/0/1900,1/0/1900,1/0/1900,1/0/1900,1/0/1900,,,,,,,,,,,,,,,,,,,,,,,,,,,,
,,,,,,,,,,,,,,,,,,,,,1/0/1900,1/0/1900,1/0/1900,1/0/1900,1/0/1900,1/0/1900,,,,,,,,,,,,,,,,,,,,,,,,,,,,
,,,,,,,,,,,,,,,,,,,,,1/0/1900,1/0/1900,1/0/1900,1/0/1900,1/0/1900,1/0/1900,,,,,,,,,,,,,,,,,,,,,,,,,,,,
,,,,,,,,,,,,,,,,,,,,,1/0/1900,1/0/1900,1/0/1900,1/0/1900,1/0/1900,1/0/1900,,,,,,,,,,,,,,,,,,,,,,,,,,,,
,,,,,,,,,,,,,,,,,,,,,1/0/1900,1/0/1900,1/0/1900,1/0/1900,1/0/1900,1/0/1900,,,,,,,,,,,,,,,,,,,,,,,,,,,,
,,,,,,,,,,,,,,,,,,,,,1/0/1900,1/0/1900,1/0/1900,1/0/1900,1/0/1900,1/0/1900,,,,,,,,,,,,,,,,,,,,,,,,,,,,
,,,,,,,,,,,,,,,,,,,,,1/0/1900,1/0/1900,1/0/1900,1/0/1900,1/0/1900,1/0/1900,,,,,,,,,,,,,,,,,,,,,,,,,,,,
,,,,,,,,,,,,,,,,,,,,,1/0/1900,1/0/1900,1/0/1900,1/0/1900,1/0/1900,1/0/1900,,,,,,,,,,,,,,,,,,,,,,,,,,,,
,,,,,,,,,,,,,,,,,,,,,1/0/1900,1/0/1900,1/0/1900,1/0/1900,1/0/1900,1/0/1900,,,,,,,,,,,,,,,,,,,,,,,,,,,,
,,,,,,,,,,,,,,,,,,,,,1/0/1900,1/0/1900,1/0/1900,1/0/1900,1/0/1900,1/0/1900,,,,,,,,,,,,,,,,,,,,,,,,,,,,
,,,,,,,,,,,,,,,,,,,,,1/0/1900,1/0/1900,1/0/1900,1/0/1900,1/0/1900,1/0/1900,,,,,,,,,,,,,,,,,,,,,,,,,,,,
,,,,,,,,,,,,,,,,,,,,,1/0/1900,1/0/1900,1/0/1900,1/0/1900,1/0/1900,1/0/1900,,,,,,,,,,,,,,,,,,,,,,,,,,,,
,,,,,,,,,,,,,,,,,,,,,1/0/1900,1/0/1900,1/0/1900,1/0/1900,1/0/1900,1/0/1900,,,,,,,,,,,,,,,,,,,,,,,,,,,,
,,,,,,,,,,,,,,,,,,,,,1/0/1900,1/0/1900,1/0/1900,1/0/1900,1/0/1900,1/0/1900,,,,,,,,,,,,,,,,,,,,,,,,,,,,
,,,,,,,,,,,,,,,,,,,,,1/0/1900,1/0/1900,1/0/1900,1/0/1900,1/0/1900,1/0/1900,,,,,,,,,,,,,,,,,,,,,,,,,,,,
,,,,,,,,,,,,,,,,,,,,,1/0/1900,1/0/1900,1/0/1900,1/0/1900,1/0/1900,1/0/1900,,,,,,,,,,,,,,,,,,,,,,,,,,,,
,,,,,,,,,,,,,,,,,,,,,1/0/1900,1/0/1900,1/0/1900,1/0/1900,1/0/1900,1/0/1900,,,,,,,,,,,,,,,,,,,,,,,,,,,,
,,,,,,,,,,,,,,,,,,,,,1/0/1900,1/0/1900,1/0/1900,1/0/1900,1/0/1900,1/0/1900,,,,,,,,,,,,,,,,,,,,,,,,,,,,
,,,,,,,,,,,,,,,,,,,,,1/0/1900,1/0/1900,1/0/1900,1/0/1900,1/0/1900,1/0/1900,,,,,,,,,,,,,,,,,,,,,,,,,,,,
,,,,,,,,,,,,,,,,,,,,,1/0/1900,1/0/1900,1/0/1900,1/0/1900,1/0/1900,1/0/1900,,,,,,,,,,,,,,,,,,,,,,,,,,,,
,,,,,,,,,,,,,,,,,,,,,1/0/1900,1/0/1900,1/0/1900,1/0/1900,1/0/1900,1/0/1900,,,,,,,,,,,,,,,,,,,,,,,,,,,,
,,,,,,,,,,,,,,,,,,,,,1/0/1900,1/0/1900,1/0/1900,1/0/1900,1/0/1900,1/0/1900,,,,,,,,,,,,,,,,,,,,,,,,,,,,
,,,,,,,,,,,,,,,,,,,,,1/0/1900,1/0/1900,1/0/1900,1/0/1900,1/0/1900,1/0/1900,,,,,,,,,,,,,,,,,,,,,,,,,,,,
,,,,,,,,,,,,,,,,,,,,,1/0/1900,1/0/1900,1/0/1900,1/0/1900,1/0/1900,1/0/1900,,,,,,,,,,,,,,,,,,,,,,,,,,,,
,,,,,,,,,,,,,,,,,,,,,1/0/1900,1/0/1900,1/0/1900,1/0/1900,1/0/1900,1/0/1900,,,,,,,,,,,,,,,,,,,,,,,,,,,,
,,,,,,,,,,,,,,,,,,,,,1/0/1900,1/0/1900,1/0/1900,1/0/1900,1/0/1900,1/0/1900,,,,,,,,,,,,,,,,,,,,,,,,,,,,
,,,,,,,,,,,,,,,,,,,,,1/0/1900,1/0/1900,1/0/1900,1/0/1900,1/0/1900,1/0/1900,,,,,,,,,,,,,,,,,,,,,,,,,,,,
,,,,,,,,,,,,,,,,,,,,,1/0/1900,1/0/1900,1/0/1900,1/0/1900,1/0/1900,1/0/1900,,,,,,,,,,,,,,,,,,,,,,,,,,,,
,,,,,,,,,,,,,,,,,,,,,1/0/1900,1/0/1900,1/0/1900,1/0/1900,1/0/1900,1/0/1900,,,,,,,,,,,,,,,,,,,,,,,,,,,,
,,,,,,,,,,,,,,,,,,,,,1/0/1900,1/0/1900,1/0/1900,1/0/1900,1/0/1900,1/0/1900,,,,,,,,,,,,,,,,,,,,,,,,,,,,
,,,,,,,,,,,,,,,,,,,,,1/0/1900,1/0/1900,1/0/1900,1/0/1900,1/0/1900,1/0/1900,,,,,,,,,,,,,,,,,,,,,,,,,,,,
,,,,,,,,,,,,,,,,,,,,,1/0/1900,1/0/1900,1/0/1900,1/0/1900,1/0/1900,1/0/1900,,,,,,,,,,,,,,,,,,,,,,,,,,,,
,,,,,,,,,,,,,,,,,,,,,1/0/1900,1/0/1900,1/0/1900,1/0/1900,1/0/1900,1/0/1900,,,,,,,,,,,,,,,,,,,,,,,,,,,,
,,,,,,,,,,,,,,,,,,,,,1/0/1900,1/0/1900,1/0/1900,1/0/1900,1/0/1900,1/0/1900,,,,,,,,,,,,,,,,,,,,,,,,,,,,
,,,,,,,,,,,,,,,,,,,,,1/0/1900,1/0/1900,1/0/1900,1/0/1900,1/0/1900,1/0/1900,,,,,,,,,,,,,,,,,,,,,,,,,,,,
,,,,,,,,,,,,,,,,,,,,,1/0/1900,1/0/1900,1/0/1900,1/0/1900,1/0/1900,1/0/1900,,,,,,,,,,,,,,,,,,,,,,,,,,,,
,,,,,,,,,,,,,,,,,,,,,1/0/1900,1/0/1900,1/0/1900,1/0/1900,1/0/1900,1/0/1900,,,,,,,,,,,,,,,,,,,,,,,,,,,,
,,,,,,,,,,,,,,,,,,,,,1/0/1900,1/0/1900,1/0/1900,1/0/1900,1/0/1900,1/0/1900,,,,,,,,,,,,,,,,,,,,,,,,,,,,
